Email,Address,Avatar,Avg. Session Length,Time on App,Time on Website,Length of Membership,Yearly Amount Spent
mstephenson@fernandez.com,"835 Frank Tunnel
Wrightmouth, MI 82180-9605",Violet,34.4972677251123,12.6556511491668,39.5776680195262,4.08262063295296,587.951053968401
hduke@hotmail.com,"4547 Archer Common
Diazchester, CA 06566-8576",DarkGreen,31.9262720263602,11.1094607286826,37.2689588682977,2.66403418213262,392.204933444326
pallen@yahoo.com,"24645 Valerie Unions Suite 582
Cobbborough, DC 99414-7564",Bisque,33.0009147556427,11.3302780577775,37.1105974421208,4.10454320237642,487.547504867472
riverarebecca@gmail.com,"1414 David Throughway
Port Jason, OH 22070-1220",SaddleBrown,34.3055566297555,13.7175136651425,36.7212826779031,3.12017878274809,581.852344035218
mstephens@davidson-herman.com,"14023 Rodriguez Passage
Port Jacobville, PR 37242-1057",MediumAquaMarine,33.3306725236464,12.7951885510781,37.5366533005947,4.44630831835144,599.406092045764
alvareznancy@lucas.biz,"645 Martha Park Apt. 611
Jeffreychester, MN 67218-7250",FloralWhite,33.871037879342,12.0269253397551,34.4768776292505,5.4935072013642,637.102447915074
katherine20@yahoo.com,"68388 Reyes Lights Suite 692
Josephbury, WV 92213-0247",DarkSlateBlue,32.021595501387,11.3663483097105,36.6837761528696,4.68501724657091,521.572174757827
awatkins@yahoo.com,"Unit 6538 Box 8980
DPO AP 09026-4941",Aqua,32.7391429383803,12.3519589730029,37.3733588585476,4.43427343489994,549.904146105294
vchurch@walter-martinez.com,"860 Lee Key
West Debra, SD 97450-0495",Salmon,33.9877728956856,13.3862352756764,37.5344973415557,3.27343357774771,570.200408963619
bonnie69@lin.biz,"PSC 2734, Box 5255
APO AA 98456-7482",Brown,31.9365486184489,11.8141282949722,37.1451682235282,3.20280607155346,427.199384895328
andrew06@peterson.com,"26104 Alexander Groves
Alexandriaport, WY 28244-9149",Tomato,33.9925727749537,13.3389754476621,37.2258061316211,2.4826077705106,492.606012717997
ryanwerner@freeman.biz,"Unit 2413 Box 0347
DPO AA 07580-2652",Tomato,33.879360824805,11.5847829995353,37.0879260709838,3.71320920294043,522.337404606936
knelson@gmail.com,"6705 Miller Orchard Suite 186
Lake Shanestad, MO 75696-5051",RoyalBlue,29.5324289670579,10.9612984001541,37.4202155750254,4.04642316429959,408.640351072628
wrightpeter@yahoo.com,"05302 Dunlap Ferry
New Stephaniehaven, MP 42268",Bisque,33.1903340437227,12.9592260916094,36.1446667000419,3.918541839159,573.415867331387
taylormason@gmail.com,"7773 Powell Springs Suite 190
Samanthaland, ND 44358",DarkBlue,32.3879758531539,13.1487256920565,36.6199570827992,2.49454364665925,470.452733300956
jstark@anderson.com,"49558 Ramirez Road Suite 399
Phillipstad, OH 35641-3238",Peru,30.7377203726282,12.6366060520001,36.2137630936986,3.35784684232629,461.78074219623
wjennings@gmail.com,"6362 Wilson Mountain
Johnsonfurt, GA 15169",PowderBlue,32.1253868972878,11.7338616908574,34.8940927514398,3.13613271648978,457.847695944949
rebecca45@hale-bauer.biz,"8982 Burton Row
Wilsonton, PW 88606",OliveDrab,32.3388993230672,12.0131946940144,38.3851365941384,2.42080616090148,407.704547549544
alejandro75@hotmail.com,"64475 Andre Club Apt. 795
Port Dannytown, PW 63227",Cyan,32.1878120459322,14.7153875441565,38.2441145943435,1.51657558083194,452.315675480036
samuel46@love-west.net,"544 Alexander Heights Suite 768
North Johnview, MT 57912",LightSeaGreen,32.6178560628234,13.9895925558253,37.190503800398,4.06454855043798,605.061038804892
megan33@gmail.com,"84426 Julia Vista
North Teresa, KY 50756",PeachPuff,32.9127851111598,11.3654920255162,37.607792524207,4.599937357615,534.705743806023
agolden@yahoo.com,"PSC 2490, Box 2120
APO AE 15445-2876",Black,33.5030872567197,12.8779836962563,37.441021335566,1.55915193995708,419.938774839179
vstafford@hotmail.com,"PSC 5723, Box 8159
APO AA 74738",Olive,31.5316044825729,13.378562784169,38.7340062898971,2.24514778740528,436.515605729363
denise22@hernandez-townsend.com,"USNS Cardenas
FPO AA 85439-9449",Silver,32.9032509733721,11.6575759220656,36.7726037612587,3.91930230855318,519.340989130789
youngbarbara@yahoo.com,"019 Elliott Tunnel Suite 190
Nicholsbury, WV 60804-4440",Wheat,34.5075509985266,12.8936695040717,37.6357558779059,5.70515397060103,700.917091617396
william25@mcconnell.com,"9495 Mary Fall Apt. 777
Glassport, ND 17957-5596",Teal,33.0293319535069,11.7658126454824,37.7385249455791,2.72173599204522,423.179991680598
ijones@schaefer-carr.net,"657 Judith Crossroad
Hancockchester, VI 75658-5788",Linen,33.5412313131004,12.783891784275,36.4306496210493,4.6481993164286,619.895639861637
heatherhall@yahoo.com,"8522 Regina Port Suite 782
Port Kaitlin, TX 50501-7264",MediumSlateBlue,32.3359896374077,13.0078194243886,37.8517791694361,2.99636452626854,486.838934765063
tinasmith@martinez.info,"40000 Ann Port Suite 474
Youngberg, MS 03651",LemonChiffon,33.1102050577178,11.9820449940156,35.2930877543605,3.92348874552744,529.537665336851
chasejennifer@hotmail.com,"9507 Robert Prairie Apt. 601
East Crystalview, SC 56814",DarkOrchid,33.1054379424685,11.9650200029979,37.2778117420721,4.74257751957332,554.722083833076
jenniferbarnett@gmail.com,"0772 Michael Isle Suite 617
Meyerstown, WA 45449-6768",SeaGreen,33.2419004344613,12.3054178134294,36.1636481710446,3.06236814531169,497.586671300441
jared39@hotmail.com,"739 David Isle Suite 818
Chandlertown, DC 34587",SteelBlue,33.4610562955184,10.8691638141304,35.6224424206454,3.47141345247768,447.687906536059
briancarlson@page-fleming.com,"USCGC Gill
FPO AA 26496",DarkMagenta,32.1755012379494,13.3874921055797,35.6941749856978,4.343062915389,588.712605509576
joshuaodom@gmail.com,"5277 Patel Brook
East Audrey, NJ 19075",DarkGoldenRod,32.7283600031337,13.1045072428758,38.8780405067598,2.82009723397347,491.07322367952
vickie90@lee-wilson.com,"9135 Rodriguez Dam
Ramirezberg, MS 77223",DarkSeaGreen,32.8203099454154,11.6348932525505,35.368626325363,4.12458529671465,507.441832339617
duane56@hotmail.com,"24373 Mcgee Drive Apt. 990
New Mariahaven, NH 14470",Gainsboro,33.6160378927677,11.9363864998923,38.7686409980267,3.6492861577147,521.883573166478
enash@gmail.com,"997 Campbell Flat Suite 970
East Amanda, PW 22048",HotPink,31.721652360509,11.7550237030538,36.7657223578584,1.84737042333951,347.776926631873
sandraharrison@bailey-gordon.net,"7835 Rogers Roads
East Amberhaven, MI 70835-2286",LightSeaGreen,32.8653271748764,11.9844175236349,37.0443614002997,3.45238858263073,490.738632143955
cunninghamwilliam@hotmail.com,"4589 Dan Fords
Beasleyburgh, ME 96590-8272",HoneyDew,32.7493681811205,9.95497596917442,37.3883148671982,4.65049126909446,478.170334054088
teresaallen@hill-leach.info,"1958 Robert Bridge Apt. 250
Malloryland, ID 03393-5336",WhiteSmoke,32.5672304802751,12.4890132157437,36.3714798140685,4.22243622534277,537.846195269596
rhonda96@little.org,"2977 Perez Row
Lake Jack, TN 45336-9436",GhostWhite,32.0705462209254,11.7331062203834,37.5342910111213,4.67127546090625,532.751787581837
lisacabrera@yahoo.com,"9801 Thomas Pike Suite 058
Brandishire, AK 88122-1314",DarkSlateBlue,33.0195479857234,10.6345613179203,37.4966901456128,4.64611997660616,501.87443028427
jasonrichardson@elliott.com,"18372 Matthew Fork Suite 705
North Matthewmouth, KY 99737",Chocolate,33.7920390750162,12.507525374016,37.1428619845845,4.21449508603787,591.197178180591
hoovernicole@dorsey.net,"69403 Hernandez Knolls
Marciashire, DE 36417-5667",HoneyDew,32.893980621811,11.529878205765,36.8880860541993,4.64325854980013,547.244343415998
christopher20@gmail.com,"USNV Fuller
FPO AE 32122-5711",Snow,32.0444861274404,13.4149347358517,36.1124350107779,2.25868638694684,448.22982918655
brianwilson@yahoo.com,"448 Stewart Divide
New Ashleyfort, FM 84050",BurlyWood,34.5557679946575,12.1705254249594,39.1310967336666,3.66310549128385,549.860590464497
gonzaleskatie@gmail.com,"70129 Darrell Spring
Thomasmouth, HI 39319-2739",Moccasin,34.5645577061917,13.1465514329071,37.3354458943257,3.87687517692377,593.915002968289
lsmith@chung.com,"412 Jackson River
Kleinburgh, KS 52039-7404",BlueViolet,32.726784597864,12.9885101471853,36.4620032585396,4.11322612272421,563.672873360108
dongarcia@hotmail.com,"546 Benjamin Lights Suite 421
Romerofurt, NC 43746-4501",MediumBlue,33.1172187329948,11.8641263589425,36.5827277654063,3.20253119921073,479.731949085945
kimberly46@garcia-nelson.biz,"4066 Gonzalez Dam Apt. 277
West Jessica, TN 36880",GreenYellow,31.6610498227461,11.3980641900968,36.5944567000683,3.19839927168491,416.358353579901
william82@gmail.com,"11143 Park Squares
Samanthatown, UT 97073",SandyBrown,33.2563354698311,13.8580624621312,37.7802646872287,5.97676812602,725.584814055681
brenda82@maldonado-gonzalez.net,"645 Elizabeth Pass
Williamview, MS 51544",MediumVioletRed,33.9002244140158,10.9567909677917,37.2668782594209,2.95266895792174,442.667251738628
josephgould@west.info,"861 Annette Stream Suite 771
North Miguel, CA 33824-1610",DarkBlue,34.1877748269573,10.3201162550592,37.4534051015236,2.09489170610518,384.626571569405
wbrady@yahoo.com,"044 Riggs Expressway
Lake Stevenchester, AL 22283",SandyBrown,33.7620692391314,9.98451439654646,35.9334493009599,3.85547168456418,451.457446867603
smithtracey@mcgee.com,"PSC 4508, Box 7961
APO AA 55271-2375",DarkOliveGreen,34.3901636643433,12.6451951408435,38.4683211058793,2.87459691030395,522.40414125956
amberchase@fowler.info,"1867 Gregory Isle Suite 022
Port Tammy, LA 52305-9696",GreenYellow,33.9252966011995,11.588655423353,35.252242022433,3.39205048907384,483.673308019046
gregoryholmes@hotmail.com,"2891 Martin Plain Suite 197
Melaniestad, NE 65650-8529",DarkSalmon,32.6882292960245,13.7615328471156,39.2529309504062,2.99576118261306,520.898794450237
jeffreydawson@gmail.com,"9944 Trevor Expressway
Robinsonstad, OR 34630-1840",DarkSeaGreen,34.3018702154015,10.5682946856328,36.1731256319719,3.3152247539154,453.169502354697
rjohns@gmail.com,"264 Derek Dam Apt. 680
West Danielle, SD 91517-8611",DeepPink,32.8439302226552,11.8322862228636,36.8140105625037,3.47191913654175,496.650708068581
john85@martin-morgan.com,"USNV Reese
FPO AA 73568-0730",Olive,33.7549947283193,12.0641566321993,37.2712216925019,3.97055562807535,547.365140594046
vcoleman@yahoo.com,"7761 Hughes Curve Apt. 880
Rodriguezberg, MN 96206-5317",SkyBlue,33.8797842897028,12.4955916023848,38.0526097525731,4.63932033185726,616.851522966713
floresarthur@yahoo.com,"12612 Johnson Skyway Suite 764
Jessicaville, CT 14968-6590",Magenta,33.0765356070971,9.60731468751917,36.4939925467374,5.08121009249111,507.212569000679
ryan36@gmail.com,"5379 Rhonda Prairie Apt. 696
Brownland, WA 87027",DarkTurquoise,32.2272991363672,13.7286271774299,37.9970280095655,4.80263063052338,613.599323368907
chris67@ryan.biz,"716 Bush Greens Apt. 098
Trevorton, MA 17817-8000",Silver,32.7897726183107,11.670065919119,37.4087484767376,3.4146884225049,483.159720784517
katie25@gmail.com,"6861 Lopez Fork Apt. 114
South Jamiechester, DE 63993",SpringGreen,32.7726099296009,13.2763130081754,36.6007770543286,3.46229884746037,540.26340041054
kyang@diaz.org,"223 Love Trail Suite 831
Port Jeffrey, IN 46849",OliveDrab,34.3742580452475,15.1269942887925,37.1576240940653,5.37759358358698,765.518461938837
tadams@contreras.info,"049 Matthew Terrace
Lake Matthew, MS 20210",Aqua,33.0787172146689,12.6957897490231,35.3584443072067,4.00178634579808,553.60153468445
craigcastro@burgess.com,"65407 Warner Forges Suite 071
New Lori, AZ 30132-2395",OrangeRed,32.8052204009718,11.8354760876143,36.3750661063729,3.43959055955008,469.310861495311
ellen24@anthony.com,"PSC 3408, Box 3353
APO AE 05113-1257",LimeGreen,32.4307579300513,11.3062323446736,37.6804032281372,2.77952071927361,408.620187829838
davisrobert@hicks-smith.com,"95967 Pitts Burgs
West Sarah, MH 27817-5147",SkyBlue,32.1790999726023,11.1875389108787,40.0051816381019,3.55264976742652,451.575685159493
walkerlaura@peterson-yates.com,"89154 Jones Stream Suite 311
East Katie, NC 72742-1516",LightGreen,33.1541757883219,11.8874941339717,36.265000697022,2.60228711203287,444.966551653293
marc54@hotmail.com,"Unit 6174 Box 1949
DPO AP 27478",SandyBrown,34.3358958397925,12.2289347111239,36.1571911511149,4.69432227444282,595.822836699204
gregoryrussell@yahoo.com,"55436 Devon Plain
West Kendraberg, HI 18826-3623",Teal,32.386251855586,10.6746534726919,38.0065831794777,3.40152234451551,418.15008109685
williamsjohnny@ferguson.info,"51920 Kent Junctions Apt. 352
Walkerport, NY 11257-6647",LightYellow,32.808697592685,12.8171130902843,37.0315392167663,3.85157880035847,534.777188099413
haydenrebecca@gmail.com,"10022 Wilson Orchard Suite 107
Harrisstad, MH 99272",MintCream,33.8797449679813,13.5878060830337,38.2603534426601,3.25811288288828,578.241605058377
langmatthew@hotmail.com,"606 Perez Drives
Maryside, CO 94387-5877",DimGray,32.0498393904573,12.2380573499862,38.7308617354196,3.12056891481697,478.719356874215
david43@richards.com,"967 Andrew Spurs
Mathistown, CO 28230",Indigo,33.5552074214322,11.5518211662194,36.6288342928118,2.8379431640698,444.285907497644
paulkemp@yahoo.com,"PSC 9698, Box 5466
APO AE 75496-3580",LightSalmon,33.1420793273204,11.4333799333345,35.8924316344053,4.47028258412002,544.779863719383
fbryant@gmail.com,"284 Jennifer Curve
Lake Hollyberg, IN 05228",GreenYellow,32.5971826598136,10.889566863428,38.2125708341473,4.44205432901117,488.786061093906
kimberlyfrederick@gmail.com,"71299 Jessica Shoals
East Mark, IA 48085-1070",DeepSkyBlue,33.1671368769505,11.9288420938663,36.9146333114409,3.16494399528511,475.759067788328
sharon82@saunders.info,"873 Clay Flats Apt. 810
Lake Kyle, GU 48782",DarkGreen,31.514737857802,12.5956713050725,39.6003764658614,3.75173455208905,489.812487996461
fishermichael@ramos.com,"565 Duarte Keys Suite 293
Traceytown, IN 17797",LimeGreen,34.5940211495415,10.9472585841852,35.8839943870122,3.15975444395093,462.897636152908
ilawson@hotmail.com,"19018 Christopher Neck Apt. 963
Mcintoshchester, IA 66908-2456",DarkGoldenRod,33.5013698221036,13.8980819934971,37.0589128165069,4.13056280923632,596.430172617228
shafferdaniel@murphy-harris.info,"USCGC Thomas
FPO AP 43708-2468",Turquoise,32.4023710179612,10.8755595481893,37.7811425599995,1.9140899242311,338.319862641522
stevenanderson@yahoo.com,"5401 Holt Corner Apt. 195
Hannahstad, NC 86693-3595",LightGreen,34.6554856795799,10.3380726950385,36.1572559442006,4.39665190109708,533.514935255241
richard16@boyer-pratt.com,"4568 Jeffrey Lane Apt. 512
South Jason, WV 78116-0966",LightSteelBlue,31.8093003166792,11.6346682179425,36.1825392823553,5.11331947487062,536.771899362841
hyoung@jones.info,"73469 Baker Forest Apt. 550
Allenbury, TX 63791",Cornsilk,33.8777793001225,12.5176662873931,37.1519206609714,2.66994162427958,487.379306017029
erik46@hotmail.com,"20711 Martin Harbors Apt. 582
New Justinborough, AK 40834-2664",LemonChiffon,34.4478714364808,10.6077238708591,36.8190955131847,3.36646374337293,473.728966512995
rojasmichael@wagner-thomas.com,"7602 Scott Plaza Apt. 158
Lake Amberland, VI 10516-3276",DarkKhaki,31.9563005605234,12.8288933950187,36.9516166842468,4.57121302377905,547.125931747199
lance88@briggs.com,"16001 Wilkins Island Suite 852
Jonathanfort, AL 88541-7817",FireBrick,32.6055836415705,12.0688160796918,36.1050004999139,3.91745111913694,505.113343539858
anthony09@hotmail.com,"5118 Madden Views Apt. 738
North Barryport, AS 28731-2270",LightSeaGreen,32.4914466031229,12.5303573735429,37.8752191000303,2.47613905059641,449.070319442804
audreyjohnson@rosales.com,"USCGC Nicholson
FPO AE 43987-0470",SlateGray,33.6160185525954,13.5162842969628,36.7731234937181,4.1255843632554,611.000025104072
beth76@yahoo.com,"4522 Paul Heights Suite 851
Adamsland, RI 08981",Crimson,33.4716005269517,11.6622634312083,36.0502407820262,3.99725537762267,515.828814854828
larrywest@davis.com,"21918 Gail Glens
Barbershire, SD 45790-8387",MidnightBlue,33.7106530591227,13.6647478751835,37.7243861576094,1.36267408000138,439.074766741645
raylopez@hotmail.com,"3600 Amber Plains Suite 002
North Jamesburgh, VA 07917",DarkGoldenRod,32.1977237974218,11.830231094879,36.6338567022911,4.19332463553207,514.088957746572
middletonrenee@gmail.com,"71757 David Freeway Apt. 851
West Carriefurt, NC 27106-3364",DarkCyan,32.4612124451154,13.2911430453529,38.6336256515835,3.87100340017642,543.340166256701
grichardson@ryan.info,"79139 Boone Common
Stewartstad, DE 63633-1812",SteelBlue,33.7903872069521,11.9423408695361,38.0634135868389,4.08180269478151,521.142951810351
esmith@gmail.com,"USS Johnson
FPO AE 35617-5384",OldLace,34.1838205205891,13.3499129443665,37.8273942278621,4.25200610562094,614.715333826342
michael53@munoz.com,"USNS Mitchell
FPO AP 92946",MediumBlue,32.2886669091389,12.0201120912087,39.074400211337,3.91170866837066,507.390061789867
jacqueline46@mcdonald-smith.biz,"3794 Michael Forest Apt. 750
New Stephenberg, MD 61004-0181",Gray,33.8263520090721,12.084091730811,35.8903579556732,3.02167182171001,495.299442547309
briannasantana@gmail.com,"88978 Noble Crest
North Rosemouth, FM 53484-6689",LightPink,32.4983930747294,13.4107591849405,35.9904889547585,3.18461866162089,518.064557984011
mark52@yahoo.com,"82227 Farmer Throughway Suite 266
Leeborough, WV 35324",BlanchedAlmond,31.8854062999118,11.2819310741036,37.3853175527784,2.87722487825983,390.103272972475
acampbell@sanchez-velasquez.info,"5791 Jessica Cove
Mckinneyborough, OK 64460-7536",Wheat,32.4256972797509,11.4489015355138,37.5801904291773,2.58696798516248,420.737673244637
qgarcia@williams.com,"465 Kenneth Common Apt. 192
North Tracy, WI 36024-8978",Aqua,33.4378295623019,12.5954203463805,36.2620318001244,2.96964022663276,492.105052389185
jenniferking@hess.net,"06939 Jones Neck
Mariaview, VT 87641",BlueViolet,31.3895854806644,10.994223919351,38.0744524197045,3.42885990392801,410.069611059983
taylor91@hotmail.com,"3132 Willie Harbor
Kaylafurt, FL 01107",CadetBlue,33.4686999490062,13.0855057600609,35.8458271138327,2.92694023549251,497.513683329368
afry@ford.biz,"399 Jeremy Skyway Suite 377
North Keithville, IL 55074",PaleTurquoise,32.291756100263,12.190474287309,36.1524620886007,3.7818230393433,494.551861086573
amandadean@gmail.com,"66880 Mckinney Hills
Matthewchester, MH 88386",DimGray,32.0637746203137,10.7191497406284,37.7125086388495,3.00474253592567,378.330906906804
brenda68@hotmail.com,"0377 Reed Via Apt. 169
Alexandershire, MO 43498",Moccasin,33.1556997029521,12.931550271648,38.1664355566339,3.85447385560296,570.451725912857
bakerdrew@gmail.com,"39637 Griffin Plain Suite 691
New Deborahview, MP 73870-3773",Chartreuse,33.3568743447574,13.4521289594356,38.5030088492416,3.31882227893089,549.008226934693
connorlambert@yahoo.com,"931 Andrews Heights
South Shelley, NV 21850",Khaki,31.8530748017466,12.1493754915783,37.3253342238193,3.36181462438314,459.285123462352
tknapp@yahoo.com,"15810 Karl Plain
Davidville, TX 64072",MediumSpringGreen,32.0123007682454,12.1783313339963,37.7159861776217,3.72256117289383,492.945053065958
garcialisa@yahoo.com,"46079 Gonzalez Loaf
Williamside, PA 72265",LemonChiffon,32.3884516255053,11.0104821324001,38.4150415815383,3.543547050183,424.762635509911
josephallen@hotmail.com,"3144 Jamie Rest
Maxwellville, NC 93749-1190",PeachPuff,32.6531814587837,11.6025321934862,37.3096887708795,2.78946151637471,422.426775876509
hailey18@yahoo.com,"08079 Thompson Village
North Lukeborough, AL 16825",Lime,32.9313364418965,12.7322115884566,35.6008205491109,5.48597673416052,642.101578731159
whess@hotmail.com,"29282 Alexander Street
South Andrewmouth, MS 22041",Tomato,33.2356065006939,11.2233688883651,37.6923008612823,2.59418972057778,413.371783110452
josesims@hunter.com,"8830 Debra Loaf Apt. 341
Drakeville, ME 22340",SlateBlue,33.9257948954788,12.0110218765746,36.7010523155479,2.75342416875812,479.231092911593
dtaylor@webb.com,"18219 Jackson Well
Fosterton, MP 85302",Orange,33.0592640913584,11.725910097841,35.9990993016087,5.00482057749075,593.077241344751
briangonzales@gmail.com,"572 Michelle Motorway Apt. 889
New Craig, ND 17250",Fuchsia,32.4017318273547,12.0893095724373,38.3099078951232,3.87333756874325,506.547307054352
jared99@yahoo.com,"PSC 0811, Box 7054
APO AA 91691",GoldenRod,33.8899410069242,13.0686385841824,37.5405203551226,3.79872531905254,571.307494875464
qchristian@martinez-allen.com,"26737 Brooks Roads
Vincentstad, VA 93089",GreenYellow,34.5693812186934,12.8549903665641,35.0074822574469,3.29279766257565,576.311177371677
ngarcia@donaldson.info,"662 Wells Stravenue Apt. 578
South Kristaview, DC 49423-2452",ForestGreen,33.7016051986889,11.5640223680655,37.6732103656486,4.71610498720958,576.802547399587
scastillo@hotmail.com,"0922 Gutierrez Loaf
Wattsbury, OH 96315",Moccasin,33.268330217688,11.1133298974043,37.3879455426356,4.01872660973751,514.239520718957
joshua56@garcia.com,"38154 Davis Locks
Lake Stevenfort, KY 86814-9222",Indigo,31.358477192437,12.8098834733781,36.5496679900966,3.63770127951584,495.175950449475
richard81@day.org,"7955 Samantha Walk Suite 230
North Luis, IL 44629",SlateBlue,33.0147922152283,11.7611723254831,37.5701638447132,3.8341696666326,514.336558267401
jessica97@hotmail.com,"32202 Curtis Branch Apt. 411
Port Brettmouth, KY 01192-0594",Cyan,31.5761319713223,12.5798941736181,37.0932648701103,4.53198660666663,541.226583989328
angelaphillips@gmail.com,"102 Karen Court
New Jameston, SC 57761-6570",MintCream,32.6572685947781,11.9579230645541,36.6346523285377,4.10605515160266,516.831556684179
donald67@harrison.com,"9759 Tammy Skyway Apt. 171
Lake Debra, AS 95011",Lime,34.7093232961316,10.6517937834742,37.1460065289805,3.21826538509786,468.445737227406
zmalone@yahoo.com,"PSC 6717, Box 7673
APO AE 66950-0088",Moccasin,34.5366591798774,12.7520766109647,36.7141378392334,3.28366345540402,548.280320198336
rlindsey@norris.com,"581 Smith Prairie Suite 995
Andersontown, AS 58802",Green,32.771715009701,11.5408324361511,37.5264210277924,2.9240207245982,431.61773376143
lewisgabrielle@hotmail.com,"422 Rivers Springs Suite 221
North Barbara, WI 51990-7596",LightSkyBlue,33.7004004568224,11.92439492328,37.2450324699675,3.90525030898213,552.940345450106
kristina69@gmail.com,"2859 Rodriguez Forks
Port Josephtown, OH 13591-3011",BlueViolet,32.4397702533485,12.4241304114395,38.9488250275323,4.92031840611832,573.306222257456
krista86@norton.net,"0537 Rice Village
West Kylieberg, NJ 19433-5090",Azure,34.3121669974078,11.8105867645782,37.4141335747394,2.47359612084786,452.627254995083
chelsea05@hansen.com,"7182 Stephen Fork Suite 150
Port Laurachester, CO 99974-1961",LightGray,32.4551762851371,12.7591689787621,36.5991123542944,4.13127664837766,542.711558102578
jill33@allen.com,"459 Amy Burg
Lake Travis, OR 53314",DarkCyan,33.5409767917822,11.8518908349427,37.4245479222639,1.76773070759424,407.804030635682
welchashlee@hotmail.com,"PSC 8159, Box 3254
APO AP 71071-4890",GreenYellow,33.3583982814242,12.7036879288687,36.1009144521086,2.72410820200549,482.353570321353
dawnlewis@watkins.org,"623 Erica Flat
Lake Josephland, MT 73514",Crimson,32.6861292561152,12.2152524249025,36.5943616848916,3.89711585995725,529.230090123509
ashleychristopher@gmail.com,"9271 Christopher Prairie
Douglasshire, NM 18581",MediumOrchid,34.5582946091445,11.2814450035671,36.4944064828881,2.49167154128835,433.048769095827
acontreras@hotmail.com,"88995 Edwards Row Suite 456
North Jo, DE 02062-7953",Sienna,33.5477479443078,10.7353629179851,37.4583747312232,3.86342544220503,476.191413349456
alvaradoadam@jones-thompson.com,"35970 Holly Key
Port Frank, VT 78059-9385",Aquamarine,31.9549038566348,10.9631317760548,37.3272826898795,3.57863390039399,439.997879939927
thomasgeorge@gonzalez-grant.com,"93306 Donald Greens
New Christopherbury, SC 59447",FloralWhite,31.0662181616376,11.7350945490137,36.5993739911473,3.9588922643661,448.933293207674
solischristina@gmail.com,"43102 Russo View Suite 717
Hollyport, SC 15344",SlateBlue,31.8512531286084,12.418961981005,35.9776517071437,3.25174177030689,472.992246666798
jacksonboone@rubio.com,"973 Marc Ports
Brownstad, IN 48786-6700",Sienna,32.6092826356404,10.5373075378409,35.7305524022866,3.91438466724639,463.923512990326
kaitlyn78@chang.com,"978 Bean Square
Deanburgh, OR 95149",LimeGreen,32.1151190660142,11.9192423979392,39.2940434624757,1.44351507465155,350.058200163845
francisgeorge@thomas.org,"27563 Vincent Lake
Allenchester, DC 22159",Teal,33.9246248095121,11.9114155568799,38.2747021957176,2.91003791654107,460.061277391243
linda90@yoder.org,"979 Alison Motorway Apt. 676
North Frank, HI 55870-2651",WhiteSmoke,33.4771904030033,12.488067002053,36.5183835891268,3.34557097584224,505.771140322957
david79@lopez-montes.com,"969 William Manor
West Sherry, MA 66282-2258",Purple,32.1164001209282,12.380694979553,37.232003307654,3.08952778227001,463.484995404266
micheleblanchard@lopez-greene.com,"555 Hunt Track Suite 307
South Kristi, PA 73709",SlateGray,32.2559012044498,10.4805068326945,37.3386696217855,4.51412244113264,479.731937645304
pmercado@rodriguez.com,"811 Maria Run
Sanchezville, MI 04953",LightPink,32.6923922185806,12.2965176807337,36.9515552105013,1.82588466902614,424.185494288886
james30@carter.biz,"3604 Richard Junctions Suite 448
Brownburgh, CO 64856-8238",LimeGreen,32.3847326590051,10.861604199129,36.5844376217581,3.99365651252509,465.889312710867
parkerkayla@miles.com,"170 Andrew Mews
North Susan, NM 85338-2426",DarkSlateBlue,34.3387293850918,10.7163551400616,38.3072040068692,2.65215830485124,426.77521598566
alicia85@lee.com,"14220 Carla Flat Suite 521
Lake Matthew, DE 06183",DimGray,32.8871046456153,12.3871841735548,37.4311590983261,6.40122883780677,684.163431015951
dominguezjacob@hotmail.com,"8594 Erica Manors Apt. 529
Lake Miguel, MH 10652-9266",CornflowerBlue,32.5102179944443,10.9848358881862,37.3964974753321,5.39127512502063,555.892595388174
ebrown@osborne.com,"4291 Nichols Fork Apt. 562
Thomaschester, SC 08938-8769",DarkSlateGray,31.9453957483445,12.9657614795122,36.9663888964258,6.07665363844014,657.019923937652
nathan86@hotmail.com,"748 Michael Plaza
West Billyside, UT 20799",MidnightBlue,36.1396624887905,12.0502672343805,36.9596431939342,3.86486073923428,595.803818876114
aaron11@luna.com,"672 Jesus Roads Apt. 443
Thompsonland, WY 69228",LightSkyBlue,32.4495215611424,13.4577249405124,37.2388056730897,2.94141075442809,503.97837905258
fsnow@ellis.com,"0272 Jones Way
Lake Angela, MP 97003-5793",MediumBlue,32.294641549565,12.4430478904399,37.3278480378437,5.08486130860249,586.155870180473
asilva@yahoo.com,"USNV Johnson
FPO AP 19026",Wheat,34.6033111193875,12.2072984910508,33.9138472475846,6.92268933503581,744.221867104715
casey21@johnson.com,"691 Johnson Field Apt. 510
Michaelville, VI 78140",SpringGreen,33.5985203185533,11.5863195291812,39.0946270267051,3.60439856025695,512.82535812852
campbellross@yahoo.com,"6218 Michael Station Apt. 982
Salazarburgh, NJ 79955",DarkRed,34.5686808457151,11.3780870877734,38.3044711917078,3.78493211013041,528.223809368007
blevinseric@stephens.com,"PSC 3676, Box 1549
APO AE 26130-7683",Orange,32.8381001605548,12.3643416044552,38.039109387075,3.30918232804298,468.913501321984
stevenking@patterson.com,"94730 Martin Mount
New Matthew, VI 08142-6708",LightGray,33.5037051791396,12.3994360751471,35.012806033559,0.968622115741769,357.591439415086
samuel94@hotmail.com,"5480 Vazquez Crossing Suite 825
East Christopherland, PA 42104",DarkViolet,33.3018816146388,12.5424810507863,38.3113648975819,3.7685619627099,536.423104525934
johnsonpaul@keller-woodard.org,"USCGC Dodson
FPO AA 87781-3935",LimeGreen,30.8794843441275,13.2804322429221,36.9361593784567,3.58516063516134,490.206599984855
twilliams@gibbs.net,"Unit 6678 Box 6628
DPO AP 44369",CadetBlue,33.1542547570008,11.7958866768891,37.6586169094428,4.52035337749656,550.047580576164
teresapacheco@salinas.biz,"75805 Larry Mills
East Cristian, MH 53820",DarkMagenta,32.0478009788679,12.7180391745257,37.6611066839928,3.67584880001844,513.450571186097
allison80@carson-hansen.com,"04311 Oconnor Park Apt. 415
Kelleystad, ND 63064-8935",ForestGreen,33.630800767871,12.0396478407872,38.9240870506292,2.87300750850515,497.811930005521
turnerryan@hotmail.com,"770 Lewis Pike Apt. 869
Phelpsport, PA 93969-4887",LightSkyBlue,34.0466380280213,12.4744554539228,35.0378561594476,4.05577596174296,578.98625858049
walkererica@scott.com,"86536 Barnes Track
South Kyle, MT 21570-5606",MediumAquaMarine,33.6441770004405,13.160020040286,36.4077474507818,3.01517529874371,506.536393140086
mark94@yahoo.com,"586 Timothy Union Suite 592
East Joseph, MO 81374",Salmon,32.6546216073239,11.0523236533067,37.6330094166436,4.71710251282583,501.749233308392
daniellecuevas@hotmail.com,"9287 Daniel Rest Apt. 608
Allentown, SD 73050",LavenderBlush,33.4287470425961,10.6367610836965,37.5788352420332,2.92639644872669,421.966794185867
gbarnes@gmail.com,"8667 Suzanne Motorway Suite 241
Spencechester, KY 74385-4618",Green,31.8648325480987,13.4434059851462,36.8783153678235,2.36108694686988,439.891280476814
cody68@hotmail.com,"374 Dana Junctions
Langside, WI 36474",SpringGreen,34.4823880488112,13.2830328683257,35.9072984268525,4.96874267372814,666.125591725772
fischermonica@gmail.com,"9847 Michael Plaza Suite 837
Lake Christophershire, NV 87324-8427",Navy,32.5297687314744,11.7477317012422,36.9398820503205,0.801515720004208,298.762007861808
brenda25@gmail.com,"353 Jones Loaf Apt. 767
South Michaelburgh, PR 16281-4840",OliveDrab,33.4322313962627,10.8596085331527,38.8356700808534,3.66922561131544,465.176623305297
david58@yahoo.com,"6058 Thomas Divide
Matthewland, PA 89442-8198",LightSalmon,33.3085716162805,11.6916861258264,37.4809119762671,1.71577716655311,373.88572369695
clifford76@johnson.com,"8032 Hodge Circle Apt. 255
Lake Jessicashire, OR 54914",RosyBrown,32.3326370683417,11.5487614397768,38.5765155499016,4.7735030473459,532.717485676175
jacquelinehughes@bennett-branch.info,"601 Ashley Loop Suite 162
Port Benjaminview, DE 02456",DeepPink,34.7134512339703,11.7240022317913,36.8138576605238,4.0878372729217,554.90078302027
victoria53@hotmail.com,"16329 Sara Neck Apt. 463
Bryanside, TX 62329",Pink,32.6358779981899,12.1785730808858,35.6742560274292,4.13175503956986,537.773162541457
cunninghamkyle@ellis-parker.org,"449 Williamson Lakes Apt. 118
Travisville, AK 06848-0177",LightGreen,33.0757030315722,12.3198450620667,37.8191551122768,3.44279920200169,501.100245232053
jjones@yahoo.com,"047 Carla Locks
Coreymouth, AR 98066",GreenYellow,32.2301491159331,11.0843608367405,37.9596843202141,4.72402743982432,517.165135593978
michaelferguson@torres-miles.net,"757 Amber Gateway Apt. 787
New Stephaniechester, OR 61576-6056",Sienna,34.1428633728707,13.1777745337738,38.8560417081119,3.23097384328756,557.529273613454
crawforderik@price.org,"5183 Michael Ramp
East Lukeburgh, FL 93972",DarkKhaki,32.4971984614607,12.8328028369681,37.6792446244808,2.97227138207982,493.719192978176
jlawson@mccarthy.com,"0127 Morgan Fields Apt. 080
Thompsonfurt, ME 01160-7043",LightGray,33.122399984317,11.5090479968172,37.2530577414506,3.18232973178682,452.122625085785
marshchristopher@zimmerman-villegas.com,"667 Stephanie Lake Apt. 658
Marthashire, NC 11815-2307",DarkRed,33.0885293662115,11.857663444725,36.0869343253416,4.80634961878528,577.273454982294
oolson@collins.com,"07867 Horn Lake
West Teresatown, VT 64387-1228",Aqua,32.5337968609221,12.2933658383466,37.0646211995655,3.6203649883552,485.923130524852
isaiahcampbell@yahoo.com,"55414 Ramirez Union Apt. 614
West Crystal, CA 03845-2631",Red,32.4842604827621,10.933252278547,36.5455062268294,3.26132474478709,425.745092031053
kcannon@alvarez-cline.info,"55479 Peters Field Apt. 702
North Micheleberg, PR 45063",Lavender,32.5434591695977,13.3328392844564,37.9643903317759,3.59745996884993,537.215052699733
nielsencarmen@harrell.net,"2491 Yates Crest Suite 316
Connieville, FL 92080-0819",DeepPink,32.2831230611334,10.9025562270198,36.0942419528495,4.7892016241799,524.637964614105
efreeman@moore.com,"223 Powell Ridges
East Richardtown, RI 90715-2178",White,32.2007986439653,12.276981712742,38.232606227104,3.31646474470291,478.885391320148
roblessarah@hotmail.com,"022 Taylor Mews Suite 692
Hallberg, NJ 53614",MediumSeaGreen,34.713316506562,12.0388082398665,37.6352994096543,4.63246094597221,612.385229896361
christopherhaas@gmail.com,"56674 Melanie Flats
Schneiderberg, IN 66532",MediumPurple,32.7125123269357,11.7244738568346,37.1531516040601,3.3084430006746,476.766724154763
ethomas@yahoo.com,"1279 Douglas Mountains
Port Christopherberg, RI 32811-8325",LightGreen,33.6948976509675,11.2026698997356,35.4939640800513,4.01598664044578,505.119637528204
wevans@gmail.com,"222 Jason Park
Dominguezshire, NC 98241",Tan,31.5702008293203,13.3780633288936,36.3378000311648,4.36936679379098,545.945492141405
patrickorr@yahoo.com,"6009 Heather Park
Howardhaven, SD 51705-2993",LawnGreen,33.4594768489643,11.388612618641,37.9091387175598,2.56663984381683,434.021699752719
mary84@edwards.com,"19123 Craig Isle Apt. 719
Millsmouth, SC 94194",LightSkyBlue,31.8209982016721,10.7710740625996,37.2786397937076,3.51903243395392,424.675281013213
longwilliam@gmail.com,"16068 Kelly Parks
Wrightside, NH 21447",BurlyWood,32.7332241639815,11.818571762285,37.1020313268591,1.50385442122529,352.550108163
lisagutierrez@johnson-herring.net,"89300 Amber Centers Apt. 879
Victoriaton, VT 98394",Peru,32.4071482999967,13.808798675106,37.4267689174539,5.03995526366293,662.961087805895
david81@hotmail.com,"1576 Lane Shoal
Rogerton, PR 63867-3426",Thistle,33.5060922813094,11.6598328408714,37.281392829986,4.47871260846301,560.56016062426
jacksonking@mccormick.com,"120 Micheal Fort Apt. 762
East Patrickbury, WY 65946",DarkMagenta,30.8364326747734,13.1001095385428,35.9077214296797,3.36161298453819,467.50190042699
jessica04@christian-riley.com,"338 Graham Loaf Suite 236
East Toddton, FM 43566-4238",LemonChiffon,34.8784949541703,13.0678956849995,36.6782222744039,1.92071547817565,504.870432393372
simmonsmartin@hardy.com,"2302 Joshua Park
Millerbury, WA 30239-8144",MediumVioletRed,34.0072119722217,12.4943229332694,36.0454594204862,4.33071446186056,590.56271964715
michellejohnson@sanders-rodriguez.com,"70562 Gonzalez Stravenue
Elizabethland, WI 40700-9149",Teal,31.5257524169682,11.3400359319788,37.0395136532246,3.81124817080723,443.965626809882
tylerhernandez@barton.info,"7613 Miguel Knoll Suite 762
West Katherine, WV 19406",SlateGray,31.0472221394875,11.1996609623005,38.6887090994244,3.08876395753158,392.497399189021
connerjoseph@gmail.com,"981 David Square
New Jacquelinetown, AK 66018-4092",Turquoise,34.5957766943926,11.3324877780942,35.4598627971447,4.54169525670607,568.717575930522
jeffrey54@mcdonald-williams.com,"297 Francis Valley
South Lindsey, NY 13669-5367",Gainsboro,34.9676098871772,13.9194943960882,37.9520131868831,5.06669686402098,712.396326809664
hevans@kelly-nunez.org,"Unit 4065 Box 2267
DPO AE 69180-7372",Orchid,32.2952476262205,11.0313583404092,38.2529782733347,3.10746868270746,413.29599918103
lewiskendra@yahoo.com,"988 Matthew Plaza
Lake Jacobshire, AL 37889",Yellow,33.3242405218497,11.0845840864219,36.7760165768687,4.74698970293514,562.082045392938
freemantina@cannon.org,"870 Dennis Throughway
Wilsonport, PW 12658",AntiqueWhite,32.9034543330142,10.5426454239831,35.5338635002631,3.09182686954579,412.012931298847
wagnerbrian@hotmail.com,"50593 Wells Roads Apt. 110
South Amy, MI 06969-2026",AliceBlue,32.5594931301133,11.7977955148802,37.7773657967765,3.19562577637199,468.668465599127
melissa08@nelson.com,"15863 Harrington Glens Suite 012
Marystad, LA 50652-8210",Tomato,31.7656188210424,12.4426165482946,38.1317120256365,3.85027963909643,496.554081635607
karina59@gmail.com,"9580 Clark Trail Suite 687
Williamsside, FM 57367",PapayaWhip,34.0816461967962,12.1045424280627,36.059645979865,3.97452248048353,548.518529275807
baldwinbryan@estrada-silva.biz,"1470 Kathleen Pass
South Christopherberg, SD 22850",MediumSeaGreen,33.304431285296,12.3784902228087,38.7642971744625,3.84384892149529,536.130896855021
audreyguerrero@carey.com,"1995 Susan Locks Suite 760
East Cheryl, AR 37103-5176",BlueViolet,34.3307504436785,13.72245367623,35.7731163912468,2.90900846048508,558.427257175324
drew29@hotmail.com,"20888 Erin Via
Grahamville, NH 72913-6101",Tomato,32.0789475795694,12.725909323594,36.5446640987187,1.13909353842457,357.863718638392
michael00@yahoo.com,"03065 Henry Courts Suite 443
Derekstad, VT 88473",DarkSlateGray,33.6057989989124,13.6851188996236,34.8919832674911,2.68528483610908,529.056663198531
jgray@khan-allen.com,"1416 Rachel Crescent
West Laurieside, IL 81119-7229",Gold,32.7451504808358,10.012583366223,38.3549598702645,3.10891144918127,387.357072736422
bushsusan@hotmail.com,"20618 David Square
Gayland, HI 78719-9628",Moccasin,32.1223647957978,11.4355338743003,36.2235574623022,4.85284240715643,528.93361856502
charris@gmail.com,"2781 Matthew Wells Apt. 569
Potterview, KS 50763-8282",MediumSeaGreen,32.5308294411028,12.3546070817599,37.1223452081676,2.30755242118396,420.916159532693
longphillip@yahoo.com,"13044 Woods Heights
Andreamouth, ND 52317-6007",LightGreen,31.7366356860503,10.7485336554158,35.7387074712145,4.83552866742221,496.933446255532
madisonalexander@gmail.com,"791 Allen Trafficway Suite 776
Christopherland, DC 41460",Orange,34.1175666941893,11.5918716651222,37.7436196995499,3.678589398954,519.372976801355
mfoster@brown-white.com,"36192 Ho Spring
New Michael, RI 65851-6369",Cyan,33.6366244581284,11.236506758754,37.6750207329081,5.25470892594112,591.43773556845
sanchezkara@hotmail.com,"40494 Robert Park
Heatherside, IL 70364",SlateBlue,34.334864533058,11.1094563331684,38.5858547573327,3.89289148021126,502.409785302905
floresbradley@hotmail.com,"446 Daniel Rest Suite 644
Port Matthewhaven, MN 89465",BlanchedAlmond,34.8149839437289,12.1149449551949,36.2887239503869,4.38945522641652,604.334840068855
lamryan@curtis-garcia.net,"96393 Joshua Rapids
Jonesview, VA 58733",LavenderBlush,34.6426697580922,11.8664812051817,37.7177705700587,4.00332503902328,555.068394054576
alexandra26@summers-davis.com,"Unit 7032 Box 7016
DPO AE 44749-2992",Navy,32.8369407670214,10.256549031288,36.1439084563416,0.789519907881691,256.670582290056
ocortez@gmail.com,"4800 Ashley Spur Apt. 347
Dannyfort, GA 23352",MediumBlue,32.299647163505,12.1685964728606,37.0736161721957,4.40336983086647,547.110982362946
melinda39@morton.info,"13693 Cox Falls Apt. 693
Padillaview, PW 28998-0386",Moccasin,31.9480174211614,13.0853568923688,37.6056528004133,2.64859677020332,461.920876892898
lisa94@jackson.com,"40288 Stephens Corner Apt. 221
West Stephanie, OK 55617-4332",CadetBlue,32.7273191961247,13.0133756273497,36.6512779170151,2.36784822438522,458.37691065063
lucastaylor@yahoo.com,"63872 Chavez Lodge
Danielton, NJ 85847",MediumTurquoise,33.9462406199367,10.9839767277944,37.9514894585739,3.05071297321802,436.283498146751
apark@walsh-obrien.net,"28942 Bradford Crescent
New Morganfurt, MD 77162-0478",DarkGreen,32.3514781507661,13.1051585223073,35.5748416670618,3.64149716154009,532.935218837664
dominguezmaria@gmail.com,"1768 Rosales Ford Apt. 793
Lake Markbury, SC 31567",RoyalBlue,34.1737520236766,12.1447485367049,37.2580314587112,3.39736309281908,512.552534356401
jimmy11@hardin.com,"496 Bush Turnpike Apt. 674
Donnabury, OR 32596-0079",DarkGoldenRod,32.9751818262578,13.9099155110291,37.7922375431303,4.29768652428552,630.422763229923
patriciajackson@jenkins.info,"981 Matthew Valley Apt. 621
Lake Tracyburgh, NM 33288-1364",Thistle,32.0047530203648,11.3952094344409,37.3328144558052,3.80336499906518,463.74598112063
rayvanessa@fischer.com,"2583 Mark Springs
Lake Robert, AL 40928",White,34.1970596945087,13.0335661826872,37.0767951560133,2.63341998871744,493.18021624931
gharrison@davis.com,"04140 Cameron Brooks Apt. 724
South Laurenberg, HI 08562",MediumSpringGreen,33.1772046660604,11.6227771730311,35.9688956904968,3.6340937273576,501.209172681653
alexandermichael@hotmail.com,"2086 Lisa View
Ortegabury, MI 43544",WhiteSmoke,32.6932395388713,12.6007504015639,37.3701182236015,3.46701406600971,501.928264873244
christopher66@hotmail.com,"388 Kelly Pike
West Jeffery, DE 44039-7785",BurlyWood,31.6253601348306,13.1879109851594,37.0670899674192,1.49431089519951,376.336900756924
archeremily@baldwin.com,"USCGC Hernandez
FPO AE 53064",YellowGreen,31.2606468698795,13.2667603529445,36.9711950974572,2.26725111444705,421.326631256951
hornesteven@gmail.com,"91425 Roy Trail
Rivaston, NE 34949-2588",White,31.7207699002873,11.7523431718501,38.5736052263468,5.02393420060666,538.774933478023
william28@gmail.com,"16763 Melissa Creek Suite 367
North Keithland, PW 29458",Cyan,32.9226107583494,11.5681163420984,36.9093782069525,2.47175066972003,398.163468533652
karenosborne@yahoo.com,"81814 Pratt Squares Suite 460
North Robert, GU 77741-1307",SlateBlue,32.6862450903902,12.6385721221921,36.097220934711,4.29773748197121,571.471034115425
chansen@holt.com,"2380 Fisher Neck Suite 233
Brianland, AZ 34453-0625",LightSkyBlue,34.0509467585606,11.3886445751715,39.0815647456816,2.43695887578646,451.6286105402
hallthomas@lane.com,"22630 Bell Centers Suite 030
North Danielport, FM 31756",DarkTurquoise,32.4545525375511,11.8229832983239,36.9461257816927,3.65698392668814,490.6004425004
taylorkimberly@yahoo.com,"0030 Mathis Square Suite 154
South Jadehaven, AR 33997-4450",Gainsboro,31.2834474760582,12.725677367223,35.9656674642362,5.00024336051445,591.781089425667
clester@yahoo.com,"76778 Underwood Knoll
New Gregory, ID 57323",LightCyan,32.9800291984536,11.2011597660032,37.6893369789496,2.41283096097093,409.070472053318
pvega@hotmail.com,"61629 Johnson Underpass
New Eric, MI 92352-5044",LightCoral,31.9096268275227,11.3472636114627,36.3236524681982,5.31435414117021,563.446035673239
vmartin@yahoo.com,"30242 Rubio Forest
Port Kyleland, VA 18339-5779",Turquoise,34.4024096482436,14.2209791081673,37.5231966504905,4.07777509801043,647.619455725193
andreperez@hotmail.com,"17463 George Ports
East Julianborough, WY 68291",DarkOliveGreen,32.9597643110742,11.5462757595104,36.9479536928456,3.27507068130953,448.340425011048
anntaylor@hotmail.com,"PSC 1634, Box 8167
APO AA 49814",Teal,33.7801567632951,11.9176361831015,36.8447338150445,3.6349960063069,518.786483092081
hickmanelizabeth@yahoo.com,"12641 Greer Track Apt. 183
North Mitchell, IA 77991-6276",DeepPink,32.6729435250038,12.2760569844632,37.1927935322278,3.98247151310706,523.633935135724
halljohn@yahoo.com,"311 Savannah Ramp Suite 245
Carlsonbury, LA 08453-6035",MediumTurquoise,32.7285207631379,10.1317124619272,34.8456123933128,3.28770182407441,393.857370986087
cohensean@yahoo.com,"3751 Green Loaf
New Julia, VT 20897",DarkCyan,33.4099225878648,12.0269422226156,36.1338942900942,2.31334988458064,426.154547713103
jmartinez@anderson.org,"14889 Page Prairie
Dennisville, NV 27982-4210",PeachPuff,31.7242025238452,13.1722874952631,36.1997534739162,3.55781369818669,503.387887287961
cbrady@gonzalez-miller.com,"193 Ashley Plaza Suite 706
Hernandezport, WV 71270-7338",Aqua,32.7111192992953,12.3262913854769,36.6738783576654,3.35027928754491,482.602467329483
pkline@hotmail.com,"PSC 6338, Box 7637
APO AA 22066",MediumTurquoise,33.1366552476793,13.8913134217785,39.2207129509857,2.90709493482203,524.797627569804
martha91@garrison.net,"360 Albert Spring
South Tylerbury, VA 92641-9077",HotPink,34.3793943849641,12.9309285413082,36.3602471979343,3.79271195515159,574.65484336594
maureenlopez@gmail.com,"82537 Alice Centers
Gregland, OR 71749",SeaShell,35.5309041458986,11.3792571824002,36.6361041190892,4.02945382815219,574.74721966209
russellbaldwin@ferrell.info,"295 Michael Keys Apt. 706
Ericfurt, KS 09476",Orange,33.2472679504775,14.069382336484,38.9933224511557,4.97847579347026,660.425184291414
amandastanley@yahoo.com,"38528 Jerry Valleys Suite 027
Jonesstad, NY 74787-2691",CadetBlue,32.0961089938452,10.8048905576417,37.3727621463211,2.69956205497227,375.398455410243
george02@hotmail.com,"3286 Lynch Field
Henrychester, RI 41833-7902",LightCoral,35.0392830649097,14.4264910504226,37.3741835048976,3.93061532661329,640.187740008572
swilliams@ball-arroyo.com,"450 Samantha Valleys
Collinsborough, KS 37205-9891",Orchid,32.5505265744216,13.0412445881623,36.6552080839595,3.4562338235263,514.009817848736
taylorjared@foster.net,"601 Mitchell Estates Suite 922
Port Daniel, WV 83595",Crimson,32.5824935708185,11.739743796166,36.8548108247509,2.18201696982339,376.496840718537
keith13@yahoo.com,"81830 Katie Squares
Port Austinland, FL 73522-0761",LightGoldenRodYellow,33.2969819246265,12.4910587380188,38.2389408530914,2.70952662692928,484.519809110551
schmidtdenise@hotmail.com,"06392 Matthew Viaduct Suite 000
Lake Ronald, NY 45787-0181",DarkGoldenRod,33.108336148346,12.8923745136537,36.5273883043138,4.59411686460319,614.729637628324
jasmin20@salas.com,"634 Nancy Shoals Suite 241
South Barry, AR 52307",HotPink,33.9027177944639,11.6688665145539,37.3412661610107,4.25698328967803,567.475010527077
christophermorrison@mcguire-carter.biz,"90089 Eric Well
Nicoleside, MT 95918",Blue,34.5552825867092,11.777772039565,37.9798268600466,3.7842730870783,554.003093429799
deborah51@yahoo.com,"4190 Shelton Harbors
North Christopher, RI 60962",Violet,33.7326483926262,12.1387938771217,36.8538824599208,1.62341960945622,399.983871598123
melindahartman@gmail.com,"3761 Jared Mountain
Nicholasport, WY 51181",Pink,31.6005122003033,12.2229674465461,36.8227532265912,3.41450624030525,479.172851491097
sharper@yahoo.com,"239 Bush Fall Apt. 906
Riveraville, KY 88906-3319",SandyBrown,34.3189274385422,13.4023318969283,37.2920447052837,3.60608688890817,585.931844297222
jessicabrewer@simmons.net,"5052 Mccoy Passage Apt. 328
Teresaport, FM 97139",LightBlue,34.0064889183972,12.9562766054322,38.6550945385221,3.27573370518503,540.995739108338
beckycarson@jones-brown.biz,"78787 Mitchell Lights
Matthewville, AZ 30310-0130",Gold,33.5404790601237,12.8841246213448,36.2260416939747,5.0072719865899,628.047803933017
jennifer24@hotmail.com,"46954 Melissa Corner
North Amanda, LA 34844",SteelBlue,34.4364258378476,13.3254690961386,36.7686030914801,3.37125811322392,582.491923733811
jeremy00@yahoo.com,"45442 Barber Key Apt. 882
South Jaclyn, NM 24367-3001",FloralWhite,33.5516991375401,12.1585852338795,36.5751337761249,5.45396947461171,640.786166398306
wellsjuan@schroeder.com,"0338 Francis Junction
Lake Alexstad, NH 14302",Green,31.8186165667691,11.2265456635106,35.6699351659582,3.75586938926297,446.418673370136
gregorystewart@hotmail.com,"232 John Haven Suite 456
Johnsonhaven, VT 90106-0173",PaleGoldenRod,32.3631212941164,12.4611354350067,37.7456077418783,4.66425849723865,570.630098087526
tammyjones@griffin.com,"0859 Audrey Isle
South Zachary, AS 09138",Navy,33.191570884445,9.84612490873623,36.8763132334173,3.80667094856299,423.30833409747
djohnson@hotmail.com,"5358 Stephen Parkway Suite 894
Kimview, MN 17436-4528",Coral,32.1924988277865,13.3254121859823,36.8972946090687,5.04992747465241,616.660286016683
kenneth27@smith.com,"721 Robert Viaduct Apt. 052
Lake Olivia, MO 93807",DarkGreen,32.6079027193276,13.6772458415238,37.7446996951491,2.87194753615102,530.362468885423
johnathan33@yahoo.com,"836 Amy Villages
Hannahside, RI 09207-2616",LightSteelBlue,32.2620031069949,11.6449695463993,37.0268769707943,3.23673281425053,442.363117383864
carrillojacob@perry-larsen.com,"909 Hicks Mountains
Gabriellaport, MD 33121",Aquamarine,32.271848280875,13.4850089880771,37.5508804132153,3.08633727231732,511.979859992066
greenelizabeth@edwards.com,"54051 Jenkins View
East Danielshire, IN 32905-7784",DarkViolet,33.7951249308125,11.6209965075752,38.4194685327455,4.55969908325896,560.443792171763
denisemorrow@johnson-james.net,"24458 Hudson Square
Hallside, PA 68038",MediumSpringGreen,31.6548096756928,13.0144591523552,37.7890363470342,3.01020977796095,475.263423727548
wandaphillips@leonard.com,"149 Monica Vista Apt. 908
Jasonberg, TX 19632-8886",OliveDrab,33.0777307945024,11.4669842190928,35.6757276308201,1.80922959177631,374.269674543923
zachary94@gmail.com,"99902 Scott Road
Joyton, MT 46760-7400",Purple,31.3123495994443,11.6849041923675,38.7170762977314,3.59429509990117,463.591418027941
ppowell@gmail.com,"74260 Carly Mews Suite 703
Jonesberg, OR 39594",BlueViolet,32.8727386144802,12.0939663553795,36.6207738554895,3.04919574378943,471.602884392892
bhill@pierce-kane.info,"3324 Branch Squares Suite 221
Riddleton, OK 34594",RoyalBlue,33.708153408093,14.3256549433092,35.7218273299056,3.63434022407344,626.018672655394
matthewgraves@mills-shaffer.com,"66636 Jason Parkway
Kellyside, NV 67033",DarkSeaGreen,33.9085650317284,12.9148466345891,39.0688644513398,1.48235964396498,432.472061251416
nwagner@yahoo.com,"Unit 2079 Box 7792
DPO AP 47668",AntiqueWhite,32.3129097459431,9.8244017703894,35.7427791255743,2.92135014081614,356.615567890006
jamesfaulkner@hoffman-wolfe.org,"Unit 0474 Box 0661
DPO AP 48938-3469",Blue,34.3943266484499,12.8077518332347,38.5510302898387,1.81007987641203,467.427848500353
phillipscarrie@gmail.com,"625 Andrew Locks
Madisonside, AZ 74068",FloralWhite,32.4233047272199,13.0582779271433,37.2638755614486,3.37310467399111,503.217393119107
samantha84@cortez.com,"960 Miller Union
East Virginiastad, MS 74191-2346",Navy,33.5393963469766,10.5345534994611,37.0347912893313,2.21479751939394,378.473566447901
edward29@knapp.com,"4029 Gerald Cape
South Laurenborough, SC 19130-5133",DarkOrange,33.3740169260931,11.1434330779436,35.9463991463954,5.45446327756453,584.218313486681
hannahgilbert@gmail.com,"6961 Mary Stravenue Suite 857
Hilltown, TX 52813-7703",Aqua,33.7947559448652,10.9828055346629,34.8106314502375,3.20180172217499,451.727863317587
lschroeder@gmail.com,"93101 Shannon Common
South Destiny, ND 30379-2855",Ivory,33.7709000976483,11.1539660548774,37.2403295520788,4.7294845415725,557.634108995729
thomaswendy@yahoo.com,"449 Amanda Tunnel
Joshuahaven, CO 15377",LavenderBlush,31.3091926408918,11.9471753239418,36.1908332365004,3.20552976450683,432.720717839934
fuenteskathryn@schmidt-johnson.org,"839 Heather Cliff
South Blake, SC 90412",Cyan,33.6125633549811,11.4705650046658,37.0616887661275,3.80251143879027,506.4238599698
melissa08@rowe.net,"13799 Cortez Inlet Suite 733
East Stevenshire, AL 32757",Tan,33.3982601295868,11.0378504136559,38.6173344536885,4.11634046713181,510.159817279105
bradleysmith@barber.com,"581 Gilmore Port
Heatherville, MS 20879",PaleVioletRed,33.6225918404558,11.1673568974973,35.6265873309631,5.4625007641299,587.57479948064
morganorozco@hotmail.com,"0001 Mack Mill
North Jennifer, NE 42021-5936",LightPink,30.4925366965402,11.5629362466526,35.9765649717404,1.48161662685536,282.471245719914
johnsonhannah@gmail.com,"634 Robert Hill Apt. 800
Coxtown, OK 32430",Thistle,31.9048571310136,12.2277282796867,36.9859134760861,3.77142013189155,473.949857422816
javier02@landry.net,"Unit 7029 Box 3429
DPO AE 56975",CadetBlue,33.0264203526517,13.1868128730012,38.0669296018693,2.89829957788864,489.908053097535
lmalone@gmail.com,"USS Beasley
FPO AP 50556-7615",AntiqueWhite,32.9751929029639,13.3944517889421,37.8069776698466,3.56904651585852,541.972203758259
brandon77@richardson.com,"109 Jessica Manor
North Patriciashire, PR 84726",GhostWhite,30.8162006488763,11.8513987430731,36.9250430388786,1.08458530302212,266.086340948469
bhamilton@shaw.biz,"036 Mary Drive Apt. 581
Port Brandytown, FL 66143",DarkOrchid,33.9140151173224,12.2665038389476,36.5750309757901,3.02347444604555,494.687155810285
randyrobinson@hotmail.com,"14548 Hayes Isle Apt. 436
Garciaville, IN 65366",DarkGray,33.3026722080157,13.4592222898325,36.3395210102373,5.56638489205681,689.787604174719
ecruz@yahoo.com,"08111 Barry Highway
Bentonberg, GU 13706",Gainsboro,31.9120759292006,11.7929718219615,36.2578191185019,2.39516812997914,387.534716305708
wrightdanielle@gmail.com,"508 May Highway
Port Jacobview, MN 31932",DarkSalmon,32.4085589573344,10.9857401523543,37.3683912407273,3.5048334855203,441.896631517886
deandanny@yahoo.com,"9781 Lopez Spurs Apt. 300
Fitzgeraldborough, MA 89035-4317",Ivory,32.6446169057689,12.6375571593643,36.5170857636486,5.22668771253211,604.841318821223
dblair@gmail.com,"190 Kelley Burg
West Juliaport, IA 35826-8163",MediumSlateBlue,34.102278508741,8.5081521760326,35.4624000810462,1.83821070225011,302.189547809652
veronicapruitt@hotmail.com,"Unit 7502 Box 8345
DPO AE 53747",Cyan,33.2485062031542,11.6565920338518,36.5486051546189,3.36341139378574,479.614811673143
davischristina@hotmail.com,"49352 Avila Terrace Suite 624
Amandaland, GA 99736",SeaGreen,34.7290801656306,11.9668980767806,36.547596276991,2.95744875650368,506.132342437705
douglasdunlap@boone-rose.com,"093 Larson Ports
West Kathryn, OK 91243",Purple,30.3931845423455,11.8029857776031,36.3157631518034,2.08381419203467,319.928869803194
david28@wallace-hill.org,"43382 Heather Meadows
New Lisaburgh, WI 19151-0302",LightBlue,33.3841105711181,12.677401437121,35.622530591606,3.68084733817478,528.309225031223
williammoore@rose.com,"686 Baker Fords Suite 893
East John, IL 50171-9547",Brown,32.8784743656577,13.0325349759432,37.8709520541616,4.69373205798386,610.128033130398
angela25@walker.com,"456 Eric Views
North Amanda, MS 98876-3102",Chocolate,34.501417852784,12.447617454057,37.5345302406772,4.00835223463459,584.105885049353
arice@reynolds.info,"740 Marshall Squares
Davidbury, AL 94251-0846",Thistle,33.5664743895901,12.2356592451085,37.2775733761951,2.53204406150789,466.421198821744
adam75@gmail.com,"9991 Macdonald Squares
Vasquezborough, WY 73586-4597",Purple,32.8487928288471,10.9731620843173,36.6095071542632,2.8709869096997,404.824528872687
charlesgutierrez@hotmail.com,"363 Kathleen Underpass
Ashleyside, PR 98964",MistyRose,33.5318601306132,13.6657697942678,36.9002207616261,3.51568825620233,564.790969007921
codyandrews@hotmail.com,"63010 Reyes Creek Apt. 569
West Catherinetown, MN 67491-6816",Indigo,33.4190673454833,13.391120179234,37.194191046464,4.06991661858986,596.516697973153
wheelernancy@hernandez.com,"66340 Michael Lane Suite 878
West Brian, LA 69137-1147",Gold,32.4954187736543,12.9683256109807,38.2961103727783,1.20048385675667,368.654784947064
drew27@ryan-thompson.com,"4475 Lopez Stravenue Apt. 690
Smithchester, NV 84347",PeachPuff,33.6740274750146,12.9688931305271,37.3331074182971,3.22945090446699,542.412476729399
suzanne63@gmail.com,"229 Eric Mountains
New Caleb, PA 00396",LightSalmon,33.2646320731639,10.7321313403037,36.1457917124822,4.08656633848599,478.262126396836
mitchellscott@gmail.com,"3976 Tom Streets Suite 438
Port Davidtown, AL 55334-2369",DarkOrange,32.7624559603095,10.9523533804587,37.6462917874308,4.019470351595,473.360495571661
laurajimenez@gmail.com,"06103 Erik Fields Suite 781
Jonesmouth, GA 49931-3078",SlateBlue,33.4794716018816,12.6088887937003,37.2293945162766,4.20590388953348,559.199047954419
rogersheather@hamilton-jensen.org,"510 Michele Port
East Angela, HI 23618",MintCream,33.7852072057332,13.039511025285,36.3127265715404,2.01819462928731,447.187644305419
ievans@hotmail.com,"2064 Poole Groves
North Chrisland, SC 78169",NavajoWhite,33.2171878428989,10.9996836610859,38.4427666868051,4.24381281672618,505.230068282071
john85@rodriguez.info,"57120 Frank Keys
Jerryborough, DC 81028-0939",Tomato,31.1280900496166,13.2789562285977,37.3871805265656,4.62607529195196,557.252686747055
phillipsmark@byrd.net,"6734 Perez Trafficway Suite 395
Nunezland, NC 83245",DarkSeaGreen,33.3695173560877,10.6279492261563,38.0403136666407,3.00295702283384,422.368736606827
elizabeth61@berg-braun.com,"649 King Extension
North April, NY 54175",Lavender,32.8378930532392,13.1851811673685,35.9215951888993,1.8235951829918,445.062185508925
dbenson@simpson.net,"732 Heather Place
North Michael, VT 92527",DodgerBlue,30.5743636841714,11.3510490112508,37.0888465796833,4.07830800165164,442.064413758066
stephaniehill@hotmail.com,"8248 Parker Overpass Apt. 024
Lake Pamela, WY 44322-1735",Wheat,32.2745938303392,12.9548114549379,37.1088163801084,3.68991661544759,533.040060178812
davisbriana@gmail.com,"15298 Erickson Shore Apt. 056
South Patrickfort, MD 16503-3145",MediumVioletRed,33.1442339998765,11.7370406352724,37.9351890459592,2.19013218538005,424.202827099033
kday@gmail.com,"4835 Jessica Walk Suite 205
West Jacob, NH 93681",Magenta,33.4855197629536,11.8873453020618,35.8624470778816,3.20675669758687,498.635598489176
jonathanconner@morales.biz,"920 Anderson Extensions
Greenfurt, GA 19316-3498",SeaShell,31.9764800614613,10.7571309261144,36.5958679458746,1.97700712784306,330.5944460341
anneingram@miller-alexander.com,"4301 Park Lake Apt. 158
Spencertown, SD 45934",HoneyDew,32.1338624098483,11.6126507695703,39.248803904335,3.34924538252718,443.441860062462
jeffery48@mcguire.com,"52326 Townsend Centers
Lake Williamburgh, NJ 70568-7463",LightCyan,32.3025531031114,11.9790614839153,38.2690606914702,3.53286157955648,478.600915944333
theresamitchell@martin-chambers.biz,"157 Linda Roads
New Jimmyshire, MH 51942",Khaki,31.8279790554653,12.4611474446654,37.4289973693919,2.97473681508324,440.002747546942
christianwade@butler.info,"3687 Sarah Ranch Suite 919
Gainesfort, AK 05665",Crimson,32.0180740106321,10.0794634519524,38.0706642585136,2.61816531039608,357.783110745315
tina16@santiago.com,"314 Kidd Run
Johnfort, KS 46546-2732",White,32.9974590024917,12.5892405610615,37.3322407465533,2.80401369269039,476.139246872566
vancealicia@hotmail.com,"06307 Scott Spurs Suite 161
Jessicaburgh, NH 26093-5908",RoyalBlue,31.8164283341993,14.2880145907663,36.7738613699308,2.9644978762354,501.122491503656
dbell@hotmail.com,"3485 Anthony Street Apt. 119
Mikeberg, FL 32602",DarkViolet,34.4615147396646,11.9171156955878,37.7666867733247,4.35088784372447,592.688453202168
pamelahampton@martin-cobb.com,"91542 Jessica Springs Suite 255
Thomashaven, MT 39239-3790",DarkSeaGreen,32.342796231668,11.4096446163657,35.7777821706609,3.87243204186891,486.083425502993
mark81@wagner.com,"410 Gonzalez Corners Apt. 187
East Stephenport, VT 22771",Navy,32.3027483733905,12.8153926486103,37.9578098345475,4.61542630652765,576.025244125117
awerner@manning.com,"407 Blake Ways
Port Davidland, WA 78438",Gray,33.0664406562826,11.6732292541013,37.8406550775067,2.72720945375887,442.722891574271
robertramirez@kaiser.com,"1583 Anderson Coves
East Rebecca, NH 27212",Purple,33.8946403884655,10.6105365197075,37.9773887379797,3.53712387990221,461.79095906141
justin26@gmail.com,"32303 Baldwin Causeway
South Robertside, HI 58126",RosyBrown,32.7656645875066,12.5065481903279,35.8234666664228,3.12650948966,488.387525780145
douglas95@yahoo.com,"395 Summers Courts Apt. 413
Coopermouth, IA 21205-1079",White,33.7698123716514,11.3044623074229,37.833971728599,5.13781674595098,593.15640148222
qmorse@yahoo.com,"0360 Pearson Dam Suite 263
Lake Shawn, UT 65986-4190",MediumTurquoise,31.8124825597243,10.8869211809517,34.8978276883113,3.12863885574463,392.810344983797
jason50@bates.net,"74839 Michael Plains Suite 356
South Austinshire, ND 40309-1424",Bisque,32.0085045178551,12.0958894850935,36.377509034341,3.17895240505345,443.197221028755
qeaton@savage.com,"27032 Michelle Forest
Morrowtown, ND 14749",SaddleBrown,33.3043366179898,12.6926614297394,37.3335906133387,3.82737591510757,535.480775189642
tluna@hotmail.com,"01512 Hendricks Rue
East Pamela, PR 46481",YellowGreen,32.1898447292735,11.3867755512807,38.197483248399,4.80832037286916,533.396553786843
kara33@gmail.com,"5527 Hogan Road
South Jeffreychester, MA 28632",LavenderBlush,34.9356051056443,10.7284185393778,36.8811924074717,4.04851008728921,532.127449109701
thomas22@yahoo.com,"7346 Jennifer Green Suite 148
Wagnertown, MT 65972",IndianRed,33.5516506079795,11.9368951598421,35.9002527821582,4.54333241329309,558.948112387906
david47@hotmail.com,"37216 Krista Drives
West Andrew, DE 70036",DarkKhaki,32.3869686746319,12.717995102314,35.1288223531212,3.48106213312517,508.771906741518
beasleyjoseph@hotmail.com,"1094 Bentley Forges
Lake Antonio, MA 29181-3664",SaddleBrown,33.3445086851973,10.9698028741062,35.9745781075859,2.62762497143441,403.766902095617
hoffmandaniel@yahoo.com,"922 Hampton Path Suite 198
Port Jasonmouth, FL 46623",Orchid,33.6727578867203,13.4205457422012,37.7636904028034,4.79431226340283,640.584061898441
garnerjustin@king.com,"0833 Brian Canyon Suite 566
Anthonymouth, VT 01329-7541",DarkCyan,34.0020709226216,11.8546819211021,37.4918922104069,2.76186192630142,461.628278391086
francesjohnson@lee.com,"577 Peters Turnpike
Loriport, MA 60572-1669",Aquamarine,32.6553970422319,11.9188597093245,35.716269159517,2.15967602298883,382.416107865475
awu@robinson.org,"0281 Dale Wells Suite 656
East Joshua, ME 73389",Brown,32.0542618511848,13.1496695579914,37.6504002034574,4.19561441267513,561.874657668983
xevans@hotmail.com,"13164 Miller Camp
South Deannaberg, ID 85433",DarkMagenta,33.2287722696956,12.6853938998481,36.0489862503669,2.13940300448598,444.57614413373
lauriewilson@jackson.com,"389 Joshua Stravenue Apt. 983
Martinezland, MN 29049",Cornsilk,32.0775900443291,10.3478769456616,39.0451556963881,3.43455972254092,401.033135219106
cruiz@yahoo.com,"497 Julian Brook Suite 872
Hillberg, FM 87927-5760",LightSalmon,33.9810055797878,9.31628920437382,36.914951545414,2.86842818163975,384.326057137516
tammy12@gmail.com,"78297 Brown Street Apt. 786
East Taylorfurt, AK 97246",Chocolate,34.1795175679668,12.5815477299145,35.444264696394,3.13706897548068,527.782995756052
adamperkins@terrell.com,"2595 James Creek Apt. 571
Millerberg, HI 82236",PaleVioletRed,32.6027389804201,11.764447589453,37.922703809566,3.52580641219522,482.144996875768
willie26@johnson-howard.com,"97686 Robertson Cape Suite 607
Port Veronicaside, NE 47293",Wheat,32.030549716213,12.6442021188637,38.0018274675237,5.03810749384487,594.274483418612
yvaughn@meyer.com,"9863 Dawn Court Suite 429
Lake Connie, MI 12238",OldLace,33.1003577507729,11.8321122314837,36.8414916380549,3.6122391519937,502.09252790232
carolfarley@gmail.com,"51173 Curtis Cliff Apt. 727
Ramoston, DE 32714-4579",SlateBlue,32.9905990429154,10.4412350616032,35.9389625024033,2.89507516280436,407.657178759326
rhonda01@gmail.com,"939 Watson Run
Staceyberg, VT 58376-0454",Orchid,34.3858202929954,12.7297195104233,36.2321098025842,5.70594071662084,708.935184866982
david80@knight.com,"368 Morris Ports Apt. 735
New Lisaville, GA 34271-8632",MediumAquaMarine,34.3571962682044,9.47777760795972,37.9060145201443,5.0470225513951,531.961550545165
aaron04@yahoo.com,"16338 Scott Corner Suite 727
West Alexandra, AR 54429",SeaGreen,33.7051127975019,10.1631790600526,37.7630410815452,4.778973636035,521.240780235795
kaylahenderson@hotmail.com,"Unit 1609 Box 3480
DPO AA 95185",MediumSpringGreen,32.4042950459836,11.6089979362215,38.110456906825,2.96655888465992,447.369027199331
mholt@hotmail.com,"486 Adams Hills
North Walter, MS 18124",LightSeaGreen,31.8293464559211,11.268259230574,36.9569654250941,2.6689197733345,385.152337987975
tanya20@gmail.com,"69279 Stewart Mountains
South Pamela, KS 22541-3414",DarkKhaki,31.3662121671877,11.1631595429133,37.0883193643348,3.62035458880409,430.588882556485
aaron89@gmail.com,"0128 Sampson Loop Suite 943
Hoffmanton, MO 02122",SaddleBrown,31.4474464941278,10.101632204781,38.0434526508413,4.23829618841273,418.602742095224
hunterlucas@gmail.com,"89301 Kylie Crossroad
Petersonberg, MH 23834",Turquoise,33.5829468370233,12.761531278201,36.9081896237368,2.4793398232087,478.951404757886
sfarley@jones.com,"0554 Powers Curve
Nathanchester, FL 06878-6336",AntiqueWhite,32.397421944309,12.0553401613301,37.6854654872155,3.50696757363526,483.796522061493
sarahtran@dixon.com,"770 Katie Walk Apt. 585
Port David, MN 52850",GoldenRod,35.037449961576,11.9359349665592,35.7839237445029,3.31015034657686,538.941974531203
randywhite@armstrong.biz,"0506 Pitts Forks
Woodsbury, AL 98082-8186",Teal,32.7849402326341,12.4512000124383,36.6657913692487,3.53580246787383,486.163799066632
tsmith@yahoo.com,"92028 Thomas Mountains Suite 044
New Matthew, MI 02429-0994",Bisque,33.9717220376126,12.2844670670672,38.2957252640171,1.13047696043198,385.095007068763
martinezleah@carter.com,"8456 Joseph Locks Suite 926
Christopherport, TN 57784",PaleGreen,33.3859901907522,12.7821717947602,35.5507722668061,3.22871768627065,527.783789757457
steven00@combs.com,"64460 Morris Fords
Gonzalesmouth, MI 40832",RosyBrown,33.5565556714028,12.9603071289144,37.9519463177351,3.34592232100489,547.190749351899
blakekent@smith-pena.com,"3933 Brooke Point
Johnsonburgh, DE 22659-3488",Crimson,33.5873733902455,9.95399500605983,37.3457389343993,3.21566682702199,410.602943949215
amanda03@yahoo.com,"313 Lisa Loop Apt. 543
North Jenniferchester, MN 58819",Brown,34.1881840610183,13.1300216647767,35.4293343884712,3.79055213688044,583.977801971543
brandonsmith@yahoo.com,"62106 Nathan Mountain Suite 505
North Matthewborough, AZ 32092-6122",Gold,33.593963548042,11.5205667885622,36.1891317954195,3.56121527143108,474.53232943989
thardy@perry.com,"39209 Cooper Neck Apt. 541
Tylermouth, ME 94450",SeaGreen,33.2362657215087,10.9725543142924,34.5740275871896,2.93161953465115,414.935060651819
michael86@yahoo.com,"87270 Garrett Cliffs Suite 361
Brooksberg, MO 26555-2502",LightYellow,33.2089197005892,13.5319134618594,38.9524625216279,3.04654062068924,550.813367732417
ulee@wells.com,"309 Singleton Hollow
Matthewhaven, NJ 68776-7477",LemonChiffon,33.6378116758659,12.0395023704699,34.4871847477424,2.73920046676666,458.78113168425
judithsmith@jimenez.biz,"186 Anthony Route
Gordonview, AS 78120-4633",DarkOrange,33.590485803274,10.9420696210177,36.170494202481,2.78396312820452,407.542168013435
nblack@smith-romero.biz,"00615 Tracy Islands
New Marcfort, MO 87297-7431",LightCyan,34.1955080309626,12.6641926225156,37.0271503647695,4.33040744421128,581.3089328795
michaelcampbell@yahoo.com,"96480 White Lane Suite 521
Pattersonhaven, OR 39409-4561",Gray,35.8602365133531,11.7306613942778,36.8821490815068,3.41620997759013,546.55666686273
rcarter@crane-thompson.org,"14064 Frazier Hills Apt. 176
Amyborough, MP 77858-0018",MediumVioletRed,33.4819305725754,11.9186703073793,37.3177049491968,3.33633938200419,503.1750851912
dwhite@gmail.com,"02136 White Grove Suite 418
Marytown, DE 70033",OrangeRed,33.258237833804,11.5149490665749,37.1280394983223,4.66284530400256,549.131573287217
vancemichelle@gmail.com,"6586 Reginald Crest Apt. 061
North Josephfort, NM 55275",DeepPink,32.3198579721673,12.4181132022316,36.1553362049595,3.22208076676096,482.830985861702
kylemelendez@hotmail.com,"2749 Cunningham Flat Apt. 838
Derekberg, OH 45288",DeepPink,32.430838579082,13.8872754133855,38.3819559721362,3.77296902464471,557.608262053354
richard35@hale-duncan.net,"33940 Craig Throughway Apt. 334
Martinview, IL 62015-0314",GhostWhite,31.4459724827578,12.8464990674744,37.8692169360086,3.42014953016486,484.876964935129
waltonkaren@gmail.com,"355 Villegas Isle Apt. 070
West Jenniferview, NM 26775-4339",Green,35.7426698059349,10.889828283005,35.5654362371397,6.11519894576005,669.987140501703
contrerastiffany@gmail.com,"439 Todd Summit Apt. 478
Mooreland, AR 31655",CadetBlue,34.0126194606564,12.9145700943279,36.0462035184245,3.48802999122259,547.709988577863
rogerstiffany@wilson-horne.com,"30700 Justin Ports
Port David, PA 52171-5921",DarkOliveGreen,34.1403934279629,11.5685266417448,38.9187485410195,4.08285527876221,537.825282295711
waltercharles@sanders.net,"291 Stephen Glens Apt. 532
Jacquelineton, NJ 53606-5656",IndianRed,32.3779896589275,11.9717507865706,37.1993675278363,2.82969957514709,408.216901770752
john96@chan-anderson.biz,"04290 Barron Square
Laurenmouth, AS 79917-9544",Snow,33.1723310907431,13.0786924395364,37.3298186252124,5.40540646722951,663.07481760676
bushsharon@barber.com,"0013 Andre Field
Whitebury, AZ 68447-6306",DarkSeaGreen,33.2473222029597,11.9564264848542,36.5173461200418,3.4517507098331,506.375866750198
nicolegay@jennings.com,"50718 Timothy Light
Garciaport, SC 60266-6696",BlueViolet,33.598913339294,13.2527370941842,37.3059614199836,2.93557727374049,528.419329695296
rchambers@hotmail.com,"53964 Weaver Brook Suite 861
Stevensonshire, NY 18128",OliveDrab,33.0852979905891,13.0935372811951,38.3156479606412,4.75036007144446,632.123588141966
gomezalicia@hotmail.com,"506 Allison Cove Apt. 766
Weeksstad, AS 71308",MediumSpringGreen,32.2784433479197,12.5274717445229,36.6883665425048,3.5314023030589,488.270297965148
potterkenneth@strickland.com,"2559 Harris Pines Apt. 514
Michaelshire, ME 21753-8834",MediumSlateBlue,33.4415530447512,11.2359689542525,37.0526163080958,3.90447937962794,508.73574095066
charlesjackson@brady-fuller.net,"3802 Veronica Causeway
East Patrickfurt, DC 84522",GhostWhite,32.8653012092431,12.0748301679574,35.5691703174462,2.39907978979041,411.186963574279
jacquelinewest@pace-herrera.com,"592 Villanueva Village
Woodsstad, AK 20530",Purple,31.5261978982398,12.0453319796993,38.5058833291825,2.8477090264745,409.094526192338
stevenjohnson@yahoo.com,"PSC 4427, Box 6116
APO AP 87584-5187",SandyBrown,33.0008496401521,11.230743306761,36.9952901663598,3.78170356510484,467.800924366792
johnsonchelsea@gmail.com,"19270 Velasquez Coves
Boylechester, AZ 51480",LightCyan,32.0883806304482,11.9078440997791,35.1891224443777,4.34977841863416,512.165866388158
jenniferjenkins@jones.com,"USNS Jacobs
FPO AE 71507-1312",LightSalmon,33.2654444728458,13.0522103851613,38.7756652961169,4.57428771641957,608.271816615167
ebutler@rogers-gonzalez.com,"001 Estrada Union
Lewismouth, TN 47360",Chartreuse,32.9925731966922,13.0043620056731,36.9850414174009,4.62041638489507,589.026489756279
ellenlucas@cox.org,"86268 Davis Corner
North Danielview, CT 59551-9382",DarkGoldenRod,33.8631887071985,11.5235226810691,35.9380452301724,3.01303250041944,444.053826572773
elizabethnunez@vasquez-nelson.net,"209 Andrew Viaduct
Port Anna, OR 01627-8037",Cornsilk,32.5920932257547,10.3147179218939,36.7290294010879,4.79110874455827,493.181261390719
ramirezjacob@turner.com,"19704 Kaitlin Flat
West Andrewtown, VI 38642",Magenta,32.3810345909634,12.4331285297335,37.6269068020479,4.33400144434137,532.724805462904
brian51@cook.info,"0508 Terrance Cliff
Rebekahtown, NC 48724-8308",SaddleBrown,31.5171218025062,10.7451885541829,38.7912346868996,1.42882387682827,275.918420650386
victoriajohnson@gmail.com,"2082 Christopher Place Apt. 081
Cynthiahaven, HI 99393-8910",DarkViolet,33.4543019260402,11.016755636715,37.6373109611636,4.13700038817107,511.038786051161
lawrencewalton@hotmail.com,"584 Patterson Falls
West Alicia, DE 45751",Chocolate,32.2155274199891,12.2168546933598,36.9539597011043,2.91053082249248,438.417742011469
ashleymoreno@gmail.com,"11430 Meza Green Suite 037
Martinezborough, FL 40624-8726",DarkViolet,31.673915503275,12.3291470214188,37.0743710670651,3.98246231895564,475.725067909881
wesleyvance@moore.com,"210 Johnson Street Suite 717
New Bethanyborough, MO 84817",Magenta,33.7175546130051,10.8069660677747,36.0123172304521,3.70122921702027,483.543193865388
edwardbrown@yahoo.com,"2971 Angela Island
Lake Timothychester, NE 48734-6685",HotPink,33.2154715747604,12.1351013969557,37.1420936893396,5.84050587593143,663.803693275508
youngellen@hotmail.com,"994 Joel Highway Suite 216
New Jessicafort, UT 14179",DodgerBlue,31.5741380228732,12.9415557299024,36.7252768255713,4.56039606734364,544.409272160587
robin80@yahoo.com,"928 Bailey Road
East Mary, DE 11678-5634",Turquoise,33.8945703887014,13.3002993633366,36.3936838550208,4.49000206555983,630.15672816705
dana59@hotmail.com,"31927 Jill Mountain
South Jessica, MN 63418",Blue,33.1286926864314,10.3984577130856,36.6833929980787,3.85981799887401,461.112248430609
bwilliams@hotmail.com,"1549 Walker Passage Apt. 463
West Calvin, AZ 03144",PaleVioletRed,34.3703270461643,11.887800415781,37.861447259324,3.04662018882223,491.911505096346
whitetyler@anderson-avery.com,"4547 Stafford Throughway Apt. 178
North Patrick, MD 60768-4837",MidnightBlue,34.0802600917341,11.5914397031366,36.4568984105243,4.65285444613678,574.415689607988
rwilliams@trujillo.biz,"54560 Thompson Creek Apt. 029
New Brianville, FL 84430-8588",BlanchedAlmond,31.4252268808548,13.2714750425247,37.2398466109763,4.02210290952895,530.766718654762
randall85@williams.com,"5086 Morales Islands Apt. 099
New Patricia, IL 78823",Black,33.6253072645767,12.9882205986331,39.6725909559419,3.96941775910774,581.798797677031
kevin45@mathews.net,"02393 Baker Falls
New Georgeport, ND 36338-5110",DodgerBlue,31.8627411090001,14.0398672625219,37.0222689859123,3.73822517332533,556.298141174047
deborah48@white.com,"1693 Gary Mission Suite 479
Lake Kelly, MO 68205",DarkGreen,33.2925873073008,11.9065077622199,38.4228652934112,3.37668749953603,502.132789227254
hoganrichard@george.com,"4929 Michelle Grove
Lake Alexis, MT 92147-1660",BlanchedAlmond,33.7492277708133,11.1371403023107,38.4013736895343,4.59552270860132,556.186368868789
kelly24@lewis.info,"983 Ross Glen
West Jessica, NJ 42860-5757",Bisque,34.1449689872395,12.9026648891039,36.6111987757604,2.22399345825205,475.071629899662
katherinegray@yahoo.com,"685 Sexton Ranch Suite 125
Lake Robertshire, NE 04469-3024",Cyan,31.123974349912,12.3865162564949,35.6321122155104,4.28848677088574,486.947053839766
efoster@williamson-boyd.org,"4968 Bennett Manors
Rogerschester, IL 81579-8333",Lavender,34.2782478799973,11.8227217455943,36.3085452943904,2.11738254152726,434.144202026299
jordandavid@gmail.com,"61502 Parker Vista Apt. 363
Jonesshire, GU 33532",Violet,33.6666156834514,10.9857637851215,36.3525027693811,0.936497597318326,304.135591578855
sanchezamber@scott-patterson.com,"257 Hunt Manors
South Charlottefort, CT 15033",Fuchsia,32.259973265557,14.1328934575534,37.0234792364057,3.76207044271157,571.216004834945
tinayoung@hotmail.com,"83995 Owens Course Apt. 747
South Jennifer, NJ 29942",MistyRose,35.4331653005788,11.9122104799006,36.089643657667,4.00096358646012,583.079635662057
alicia28@fuller.com,"8055 Robinson Brooks Apt. 657
Walterview, KY 83019",CadetBlue,31.9673209478824,11.4815871478363,39.2409648416436,3.53251716453935,445.749841239652
rileyalejandro@gmail.com,"Unit 1475 Box 4215
DPO AE 39546-5591",LightSteelBlue,32.149060522106,10.0473147350712,37.1814473106499,3.53508842761894,392.992255914031
oliviamarshall@sawyer-sellers.com,"Unit 5934 Box 9748
DPO AA 37361-3043",Brown,33.918844177834,12.4287369278683,37.305361879286,4.15821465266419,565.994363401527
hortonrobert@hotmail.com,"31309 Stacey Keys Apt. 979
South Jason, KS 35357",Salmon,33.2006163414045,11.9659802667925,36.8315358508469,3.54903605742697,499.140152449054
montgomerycheyenne@hotmail.com,"1812 Sandra Shoal Apt. 350
Amandamouth, SC 87794-1628",FireBrick,32.5367748975481,11.1213660605094,36.9793723734566,4.12925468809454,510.539421699628
martinkristi@sanchez-coleman.com,"PSC 1893, Box 7023
APO AA 73445",Lime,34.0836633016295,8.66834951710132,35.9067563657931,2.25244596338084,308.527746558033
jefferycampbell@gmail.com,"381 Ashley Locks Suite 366
North Migueltown, TX 09795-0494",GreenYellow,33.0250201385759,12.5042198076753,37.645838788014,4.05138246537518,561.516531979089
webertom@phelps.com,"189 Crawford Hill Apt. 746
New Madison, WV 14108-4333",DarkOrchid,31.2681042107507,12.1325091116415,35.4567981489283,3.07207614148688,423.470533173824
aschmidt@johnson.biz,"Unit 1743 Box 8085
DPO AE 47693-8164",Blue,32.212923830058,11.7329914615881,35.6339539474008,4.33186302675108,513.153111853067
lisadelgado@gmail.com,"57993 Jennifer Unions Suite 685
Emilyville, OK 53366-2375",Olive,33.4995061006755,11.9465908849818,36.4863250723934,3.93786264318017,529.194518864957
sharongraves@yahoo.com,"73098 Ronald Port
Cliffordborough, MO 37479-9244",Wheat,32.904853667354,12.5561076169382,37.8055094324492,0.269901089984274,314.438518295106
flevine@gmail.com,"5292 Melanie Crescent Apt. 064
Fischerborough, NV 85721-5045",AliceBlue,32.2046546456785,12.4807015171182,37.680287608368,3.27946626006561,478.584286008343
rskinner@johnson-jefferson.com,"24725 Neal Lock
Cynthiaville, NY 51578",OliveDrab,32.6751545084482,12.5941940661911,37.683875373647,2.57177783547766,444.582164978653
kiarakim@harris.org,"1502 Gonzalez Throughway
Kathrynchester, FM 86014-7194",Linen,32.9983876624291,10.9468419395869,37.6478080552706,3.82603061753751,475.01540708775
rachelrodriguez@lara-waters.com,"35466 Tommy Stream
Port Daniellemouth, KS 68863-6330",LightSlateGray,33.9431185791017,11.484198693786,36.8393658328182,2.40245383341422,436.720555856219
dbrown@gmail.com,"76666 Kathy Locks
Port Susan, ME 64335",Indigo,33.5521083634087,11.1208708671238,36.8083760594879,4.02781384191709,521.1953105318
mary45@gmail.com,"33213 Tanner Knolls Apt. 519
Whiteborough, OR 37119-7790",Lime,33.6768308681427,10.9713924308755,37.7223671109426,3.62933991526819,478.18305971188
marcusleach@floyd.org,"Unit 3998 Box 4348
DPO AA 37629",SteelBlue,32.6419463655882,11.5889485797125,36.3221409169013,3.18960994187975,432.481168557018
lmunoz@yahoo.com,"2100 Austin Camp Apt. 943
Anthonymouth, WV 24243-3781",Olive,33.4212121817226,10.7066415213077,35.7661535003837,3.3939750434343,438.30370784643
dvasquez@wiley.com,"967 Chloe Springs Suite 554
Lake Ashley, GA 03230",HoneyDew,32.7670760812293,11.0762593409297,34.7797505020326,2.57494847002507,388.940548792194
dylanmartin@hotmail.com,"42644 Helen Keys Apt. 103
Jessicahaven, KS 89406-1960",MidnightBlue,33.1199544283381,12.9532625421918,37.0342795820798,3.47202138003438,534.771484946167
xkaufman@gmail.com,"02342 Melissa Islands
Smithhaven, KS 68335",DarkViolet,35.3718760923245,10.5724666001061,36.8621833463435,4.19834906081438,537.915752921305
jasonhensley@yahoo.com,"97262 Brian Skyway
Lake Marissa, GU 96859",Sienna,33.9760825800378,11.6580368142241,37.4252786800679,2.08634814660966,407.876378220498
gstrong@hotmail.com,"7875 Landry Road Apt. 947
Brownshire, NC 10074-7735",Pink,34.0341635310607,13.5925126579463,36.8386567863485,3.60593391773307,618.845970423966
arnoldsamuel@wilson.com,"949 Tapia Viaduct
Martinezfurt, CT 79271-8205",LightSkyBlue,32.7704921585493,11.371767361249,35.2614981162624,4.03438613035747,502.771074565496
scottrose@yahoo.com,"50639 Sarah Isle Apt. 268
Yangmouth, MO 05540",SaddleBrown,33.5038103817435,11.2334149535409,37.2111525813511,2.32055024988846,397.420584096457
salazarkaren@hotmail.com,"51173 Burton Wall Apt. 417
Prestonville, NY 37002",SteelBlue,31.8745516945854,10.2903507650565,36.9297615617034,3.49109333700915,392.285244246268
susanibarra@yahoo.com,"426 Scott Radial Apt. 065
Abigailstad, MS 16590-2222",Thistle,32.5332399826547,14.1217838392553,38.4063290101142,5.32009386378099,689.235699761695
nhenry@hotmail.com,"3874 Harper Plaza
North Nancy, ME 96802-9462",BlanchedAlmond,34.8513141658648,12.4155419633336,37.6723224842496,3.13053846246484,543.132626289169
millerrachel@gallagher-nichols.com,"Unit 4742 Box 9517
DPO AE 67219-3123",Turquoise,34.211461281498,10.7702489174434,34.6498000474071,4.98520497086401,577.736024851228
garciakevin@gmail.com,"845 Colleen Ways
Lake Matthewview, VT 65340-3159",Orange,33.4596193175297,12.6643905247352,36.3668432470107,1.72696204318851,436.580740347548
philliproberson@yahoo.com,"Unit 0373 Box 8981
DPO AA 89902",Beige,34.200539409319,12.6678088753873,37.4870492485517,3.70162228691423,553.99467359127
kstafford@estes-nguyen.com,"PSC 4856, Box 1297
APO AA 17032-7944",YellowGreen,31.1695067987116,13.9701810741304,36.6739527385642,1.78517394488796,427.356530802293
kennethperry@bowen.org,"272 Frederick Lodge
East Andrew, FL 07414",SlateGray,32.5181968139992,11.509253453525,36.5992890873935,3.02267575986266,424.728773929103
prussell@lopez.com,"9985 Wolf Pass
Brandimouth, CA 63346",Bisque,34.5230196207163,11.4057704501411,36.3782710131943,4.04124496912928,541.049830959436
mosleyjacob@yahoo.com,"PSC 1790, Box 8872
APO AE 01821-4769",Orange,33.6659903219954,12.2637176760344,38.8602344303266,3.13952693504287,469.383146172361
rhaas@yahoo.com,"4502 Jennifer Prairie Suite 029
Lake Jesse, LA 02328-3633",DimGray,31.6098395733896,12.7107013004593,36.1664633919215,2.56281881080323,444.545549651108
antonioharris@hotmail.com,"4307 Nicholas Drive Apt. 259
Ramirezberg, AS 59832",MediumBlue,33.7008855390197,13.4715776719489,37.0716431982524,2.37907649689154,492.556833700477
austinthomas@gmail.com,"5855 Gross Burgs Suite 169
Ballland, AS 98525",AntiqueWhite,33.8117334062172,11.1868087186438,36.2988930782357,4.30199649935476,535.321610085012
bethsullivan@reed.net,"80500 Mary Corners Apt. 225
Wallsville, ME 80526",Beige,34.336677223147,11.2468126060116,38.6825837840829,2.09476166900748,408.958335940617
ncummings@yahoo.com,"344 Jessica Stravenue
New Brian, MA 04730-6761",Beige,31.0613251567161,12.357638107209,36.1660416334014,4.08933084123596,487.555458057902
hking@hotmail.com,"85181 Christian Courts Suite 758
Larryfurt, MS 38722-6766",PeachPuff,33.0697682992868,11.7643259586582,36.8750258089178,3.51605101747183,487.646231743842
annstone@hotmail.com,"543 Reynolds Burg
Melindaberg, KY 46631",LightPink,34.6062424526178,11.7618838036817,38.1265197979306,1.82081061815244,402.167122223726
christopher44@hotmail.com,"549 Anna Avenue
Port Laura, CA 76209-9339",WhiteSmoke,34.2382419119203,11.5503001108659,35.7693296305003,4.18314366172613,551.023001702783
autumn88@mendoza-mills.com,"214 Obrien Lakes Suite 572
South Jeremy, KS 52867-7617",MediumOrchid,32.0478146331398,12.4826699249705,35.5360245303042,3.39390278806937,497.389557758843
dhudson@ramos.net,"5661 Grant Centers
Stevensfurt, CT 53959",Olive,30.9716756438878,11.7313642940774,36.0745511401689,4.42636408052931,494.638609756893
egomez@hotmail.com,"768 Riley Pine Apt. 624
Kellymouth, OK 98992-3108",MistyRose,33.6068508231189,12.2140737458663,37.198427822726,2.90523836144657,479.247416784093
kimberlyruiz@smith-gordon.com,"503 Adams Pines Apt. 638
North Ashleyside, AZ 34687-6128",DarkRed,33.4481250093465,11.9037566825359,36.8745436046799,2.78275782849942,462.656518934713
mooremichelle@logan.com,"07813 Randy Point
Lake Thomasberg, MO 06013-9920",Pink,33.3693809382055,12.2224839418937,36.3552348836442,3.44701779279069,515.502479663659
aaron22@gmail.com,"38678 Sean Drive Suite 293
Karentown, IA 78306-2717",DarkGray,33.4522952801903,12.0059163707562,36.5340956708926,4.71223357850977,576.477607170313
michelleshepherd@price.com,"6820 Erica Vista Apt. 418
Brightside, IA 50639",Orchid,32.9046924449163,11.9137451528388,36.0586476032205,1.22811242341442,357.857983605219
zscott@wright.com,"9909 Hoffman Ranch Suite 195
Scotthaven, SC 53575",PeachPuff,35.6308538610982,12.1254019679444,38.1877636808685,4.01905142680022,597.739878879185
tracy79@wheeler.net,"513 Moore Crescent Apt. 416
Amandaberg, GU 03655-2219",Magenta,32.2463499961189,11.3055514304147,37.1331267593763,1.70738972867573,327.377952589652
brian28@sanchez.org,"7446 Mary Ferry
Lake Sherryfurt, GA 49066-0207",GhostWhite,34.6955911911187,11.6089970708755,37.6848772753061,3.16309193107376,510.401388452505
leonardhancock@hotmail.com,"64147 Alexander Station Apt. 474
East Jasonview, MN 83788",SeaShell,34.3439219084276,11.6930581970727,36.8129341255015,3.4470928961369,510.501478474797
davidsonkathleen@gmail.com,"70128 Zimmerman Overpass
Robertsshire, VA 59860",DarkBlue,33.6809369496062,11.2015698846845,37.8354477274122,2.20881367800555,403.819519832198
nathan84@lowery.net,"01242 Stephanie Ways Suite 003
Churchville, MO 35617",MediumSeaGreen,32.0609143984101,12.625432642054,35.5391424275051,5.41235783955138,627.603318713015
kellydeborah@chan.biz,"354 Sanchez Wall Suite 884
Juliabury, VI 39735",DarkTurquoise,33.4310971024871,13.3506316844594,37.9659716227513,2.7688519432631,510.661792219672
lewisjessica@craig-evans.com,"4483 Jones Motorway Suite 872
Lake Jamiefurt, UT 75292",Tan,33.2376599843673,13.5661596130876,36.4179847963968,3.74657297310347,573.847437716228
katrina56@gmail.com,"172 Owen Divide Suite 497
West Richard, CA 19320",PaleVioletRed,34.7025289728616,11.6957362934813,37.1902677104526,3.57652591525946,529.04900412943
dale88@hotmail.com,"0787 Andrews Ranch Apt. 633
South Chadburgh, TN 56128",Cornsilk,32.6467766806069,11.4994090610021,38.3325763319604,4.9582644726187,551.620145476248
cwilson@hotmail.com,"680 Jennifer Lodge Apt. 808
Brendachester, TX 05000-5873",Teal,33.3225010513055,12.3914229911183,36.840085729767,2.33648466811285,456.469510066298
hannahwilson@davidson.com,"49791 Rachel Heights Apt. 898
East Drewborough, OR 55919-9528",DarkMagenta,33.7159809184499,12.4188083247539,35.771016191613,2.73515956708227,497.77864221568
